date,puzzle_id,weekday,solve_time_secs,opened_unix,solved_unix,cheated
2016-01-01,10754,Fri,,,,false
2016-01-02,10755,Sat,,,,false
2016-01-03,10753,Sun,,,,false
2016-01-04,10756,Mon,,,,false
2016-01-05,10774,Tue,,,,false
2016-01-06,10775,Wed,,,,false
2016-01-07,10777,Thu,,,,false
2016-01-08,10776,Fri,,,,false
2016-01-09,10778,Sat,,,,false
2016-01-10,10779,Sun,,,,false
2016-01-11,10789,Mon,,,,false
2016-01-12,10790,Tue,,,,false
2016-01-13,10791,Wed,,,,false
2016-01-14,10792,Thu,,,,false
2016-01-15,10796,Fri,,,,false
2016-01-16,10805,Sat,,,,false
2016-01-17,10806,Sun,,,,false
2016-01-18,10804,Mon,,,,false
2016-01-19,10807,Tue,,,,false
2016-01-20,10808,Wed,,,,false
2016-01-21,10809,Thu,,,,false
2016-01-22,10831,Fri,,,,false
2016-01-23,10832,Sat,,,,false
2016-01-24,10841,Sun,,,,false
2016-01-25,10845,Mon,,,,false
2016-01-26,10844,Tue,,,,false
2016-01-27,10851,Wed,,,,false
2016-01-28,10857,Thu,,,,false
2016-01-29,10928,Fri,,,,false
2016-01-30,10927,Sat,,,,false
2016-01-31,10929,Sun,,,,false
2016-02-01,10930,Mon,,,,false
2016-02-02,10931,Tue,,,,false
2016-02-03,10933,Wed,,,,false
2016-02-04,10934,Thu,,,,false
2016-02-05,10943,Fri,,,,false
2016-02-06,10953,Sat,,,,false
2016-02-07,10955,Sun,,,,false
2016-02-08,10956,Mon,,,,false
2016-02-09,10967,Tue,,,,false
2016-02-10,10977,Wed,,,,false
2016-02-11,10979,Thu,,,,false
2016-02-12,10982,Fri,,,,false
2016-02-13,10992,Sat,,,,false
2016-02-14,10993,Sun,,,,false
2016-02-15,10994,Mon,,,,false
2016-02-16,10995,Tue,,,,false
2016-02-17,10996,Wed,,,,false
2016-02-18,10997,Thu,,,,false
2016-02-19,10998,Fri,,,,false
2016-02-20,10999,Sat,,,,false
2016-02-21,11000,Sun,,,,false
2016-02-22,11001,Mon,,,,false
2016-02-23,11011,Tue,,,,false
2016-02-24,11014,Wed,,,,false
2016-02-25,11012,Thu,,,,false
2016-02-26,11013,Fri,,,,false
2016-02-27,11019,Sat,,,,false
2016-02-28,11021,Sun,,,,false
2016-02-29,11020,Mon,,,,false
2016-03-01,11036,Tue,,,,false
2016-03-02,11037,Wed,,,,false
2016-03-03,11038,Thu,,,,false
2016-03-04,11039,Fri,,,,false
2016-03-05,11040,Sat,,,,false
2016-03-06,11045,Sun,,,,false
2016-03-07,11044,Mon,,,,false
2016-03-08,11046,Tue,,,,false
2016-03-09,11047,Wed,,,,false
2016-03-10,11055,Thu,,,,false
2016-03-11,11056,Fri,,,,false
2016-03-12,11058,Sat,,,,false
2016-03-13,11060,Sun,,,,false
2016-03-14,11094,Mon,,,,false
2016-03-15,11059,Tue,,,,false
2016-03-16,11096,Wed,,,,false
2016-03-17,11097,Thu,,,,false
2016-03-18,11098,Fri,,,,false
2016-03-19,11102,Sat,,,,false
2016-03-20,11101,Sun,,,,false
2016-03-21,11103,Mon,,,,false
2016-03-22,11111,Tue,,,,false
2016-03-23,11112,Wed,,,,false
2016-03-24,11121,Thu,,,,false
2016-03-25,11122,Fri,,,,false
2016-03-26,11120,Sat,,,,false
2016-03-27,11123,Sun,,,,false
2016-03-28,11124,Mon,,,,false
2016-03-29,11125,Tue,,,,false
2016-03-30,11128,Wed,,,,false
2016-03-31,11129,Thu,,,,false
2016-04-01,11189,Fri,,,,false
2016-04-02,11190,Sat,,,,false
2016-04-03,11237,Sun,,,,false
2016-04-04,11239,Mon,,,,false
2016-04-05,11238,Tue,,,,false
2016-04-06,11247,Wed,,,,false
2016-04-07,11248,Thu,,,,false
2016-04-08,11252,Fri,,,,false
2016-04-09,11250,Sat,,,,false
2016-04-10,11251,Sun,,,,false
2016-04-11,11254,Mon,,,,false
2016-04-12,11255,Tue,,,,false
2016-04-13,11253,Wed,,,,false
2016-04-14,11301,Thu,,,,false
2016-04-15,11305,Fri,,,,false
2016-04-16,11314,Sat,,,,false
2016-04-17,11316,Sun,,,,false
2016-04-18,11315,Mon,,,,false
2016-04-19,11337,Tue,,,,false
2016-04-20,11338,Wed,,,,false
2016-04-21,11339,Thu,,,,false
2016-04-22,11347,Fri,,,,false
2016-04-23,11346,Sat,,,,false
2016-04-24,11348,Sun,,,,false
2016-04-25,11358,Mon,,,,false
2016-04-26,11359,Tue,,,,false
2016-04-27,11360,Wed,,,,false
2016-04-28,11361,Thu,,,,false
2016-04-29,11362,Fri,,,,false
2016-04-30,11363,Sat,,,,false
2016-05-01,11364,Sun,,,,false
2016-05-02,11365,Mon,,,,false
2016-05-03,11406,Tue,,,,false
2016-05-04,11407,Wed,,,,false
2016-05-05,11409,Thu,,,,false
2016-05-06,11410,Fri,,,,false
2016-05-07,11411,Sat,,,,false
2016-05-08,11412,Sun,,,,false
2016-05-09,11423,Mon,,,,false
2016-05-10,11424,Tue,,,,false
2016-05-11,11425,Wed,,,,false
2016-05-12,11426,Thu,,,,false
2016-05-13,11488,Fri,,,,false
2016-05-14,11490,Sat,,,,false
2016-05-15,11489,Sun,,,,false
2016-05-16,11507,Mon,,,,false
2016-05-17,11508,Tue,,,,false
2016-05-18,11509,Wed,,,,false
2016-05-19,11511,Thu,,,,false
2016-05-20,11514,Fri,,,,false
2016-05-21,11525,Sat,,,,false
2016-05-22,11526,Sun,,,,false
2016-05-23,11535,Mon,,,,false
2016-05-24,11534,Tue,,,,false
2016-05-25,11536,Wed,,,,false
2016-05-26,11567,Thu,,,,false
2016-05-27,11568,Fri,,,,false
2016-05-28,11569,Sat,,,,false
2016-05-29,11573,Sun,,,,false
2016-05-30,11589,Mon,,,,false
2016-05-31,11590,Tue,,,,false
2016-06-01,11599,Wed,,,,false
2016-06-02,11600,Thu,,,,false
2016-06-03,11602,Fri,,,,false
2016-06-04,11603,Sat,,,,false
2016-06-05,11615,Sun,,,,false
2016-06-06,11619,Mon,,,,false
2016-06-07,11650,Tue,,,,false
2016-06-08,11651,Wed,,,,false
2016-06-09,11652,Thu,,,,false
2016-06-10,11653,Fri,,,,false
2016-06-11,11654,Sat,,,,false
2016-06-12,11655,Sun,,,,false
2016-06-13,11656,Mon,,,,false
2016-06-14,11660,Tue,,,,false
2016-06-15,11668,Wed,,,,false
2016-06-16,11686,Thu,,,,false
2016-06-17,11687,Fri,,,,false
2016-06-18,11692,Sat,,,,false
2016-06-19,11693,Sun,,,,false
2016-06-20,11694,Mon,,,,false
2016-06-21,11703,Tue,,,,false
2016-06-22,11704,Wed,,,,false
2016-06-23,11720,Thu,,,,false
2016-06-24,11732,Fri,,,,false
2016-06-25,11733,Sat,,,,false
2016-06-26,11734,Sun,,,,false
2016-06-27,11736,Mon,,,,false
2016-06-28,11735,Tue,,,,false
2016-06-29,11742,Wed,,,,false
2016-06-30,11743,Thu,,,,false
2016-07-01,11739,Fri,,,,false
2016-07-02,11738,Sat,,,,false
2016-07-03,11741,Sun,,,,false
2016-07-04,11740,Mon,,,,false
2016-07-05,11737,Tue,,,,false
2016-07-06,11746,Wed,,,,false
2016-07-07,11749,Thu,,,,false
2016-07-08,11747,Fri,,,,false
2016-07-09,11806,Sat,,,,false
2016-07-10,11804,Sun,,,,false
2016-07-11,11805,Mon,,,,false
2016-07-12,11809,Tue,,,,false
2016-07-13,11824,Wed,,,,false
2016-07-14,11841,Thu,,,,false
2016-07-15,11851,Fri,,,,false
2016-07-16,11854,Sat,,,,false
2016-07-17,11855,Sun,,,,false
2016-07-18,11863,Mon,,,,false
2016-07-19,11864,Tue,,,,false
2016-07-20,11865,Wed,,,,false
2016-07-21,11866,Thu,,,,false
2016-07-22,11887,Fri,,,,false
2016-07-23,11889,Sat,,,,false
2016-07-24,11888,Sun,,,,false
2016-07-25,11901,Mon,,,,false
2016-07-26,11899,Tue,,,,false
2016-07-27,11900,Wed,,,,false
2016-07-28,11910,Thu,,,,false
2016-07-29,11927,Fri,,,,false
2016-07-30,11928,Sat,,,,false
2016-07-31,11949,Sun,,,,false
2016-08-01,11954,Mon,,,,false
2016-08-02,11950,Tue,,,,false
2016-08-03,11953,Wed,,,,false
2016-08-04,11951,Thu,,,,false
2016-08-05,11952,Fri,,,,false
2016-08-06,12007,Sat,,,,false
2016-08-07,12003,Sun,,,,false
2016-08-08,12005,Mon,,,,false
2016-08-09,12006,Tue,,,,false
2016-08-10,12009,Wed,,,,false
2016-08-11,12012,Thu,,,,false
2016-08-12,12008,Fri,,,,false
2016-08-13,12020,Sat,,,,false
2016-08-14,12013,Sun,,,,false
2016-08-15,12018,Mon,,,,false
2016-08-16,12015,Tue,,,,false
2016-08-17,12016,Wed,,,,false
2016-08-18,12017,Thu,,,,false
2016-08-19,12019,Fri,,,,false
2016-08-20,12030,Sat,,,,false
2016-08-21,12029,Sun,,,,false
2016-08-22,12087,Mon,,,,false
2016-08-23,12088,Tue,,,,false
2016-08-24,12089,Wed,,,,false
2016-08-25,12090,Thu,,,,false
2016-08-26,12091,Fri,,,,false
2016-08-27,12101,Sat,,,,false
2016-08-28,12104,Sun,,,,false
2016-08-29,12103,Mon,,,,false
2016-08-30,12102,Tue,,,,false
2016-08-31,12105,Wed,,,,false
2016-09-01,12137,Thu,,,,false
2016-09-02,12138,Fri,,,,false
2016-09-03,12147,Sat,,,,false
2016-09-04,12148,Sun,,,,false
2016-09-05,12150,Mon,,,,false
2016-09-06,12149,Tue,,,,false
2016-09-07,12151,Wed,,,,false
2016-09-08,12152,Thu,,,,false
2016-09-09,12158,Fri,,,,false
2016-09-10,12157,Sat,,,,false
2016-09-11,12156,Sun,,,,false
2016-09-12,12160,Mon,,,,false
2016-09-13,12159,Tue,,,,false
2016-09-14,12198,Wed,,,,false
2016-09-15,12199,Thu,,,,false
2016-09-16,12200,Fri,,,,false
2016-09-17,12202,Sat,,,,false
2016-09-18,12201,Sun,,,,false
2016-09-19,12215,Mon,,,,false
2016-09-20,12217,Tue,,,,false
2016-09-21,12216,Wed,,,,false
2016-09-22,12219,Thu,,,,false
2016-09-23,12220,Fri,,,,false
2016-09-24,12241,Sat,,,,false
2016-09-25,12242,Sun,,,,false
2016-09-26,12243,Mon,,,,false
2016-09-27,12264,Tue,,,,false
2016-09-28,12265,Wed,,,,false
2016-09-29,12266,Thu,,,,false
2016-09-30,12267,Fri,,,,false
2016-10-01,12286,Sat,,,,false
2016-10-02,12287,Sun,,,,false
2016-10-03,12285,Mon,,,,false
2016-10-04,12312,Tue,,,,false
2016-10-05,12313,Wed,,,,false
2016-10-06,12314,Thu,,,,false
2016-10-07,12315,Fri,,,,false
2016-10-08,12329,Sat,,,,false
2016-10-09,12328,Sun,,,,false
2016-10-10,12327,Mon,,,,false
2016-10-11,12336,Tue,,,,false
2016-10-12,12337,Wed,,,,false
2016-10-13,12338,Thu,,,,false
2016-10-14,12359,Fri,,,,false
2016-10-15,12360,Sat,,,,false
2016-10-16,12361,Sun,,,,false
2016-10-17,12372,Mon,,,,false
2016-10-18,12373,Tue,,,,false
2016-10-19,12374,Wed,,,,false
2016-10-20,12386,Thu,,,,false
2016-10-21,12385,Fri,,,,false
2016-10-22,12419,Sat,,,,false
2016-10-23,12425,Sun,,,,false
2016-10-24,12420,Mon,,,,false
2016-10-25,12424,Tue,,,,false
2016-10-26,12423,Wed,,,,false
2016-10-27,12422,Thu,,,,false
2016-10-28,12421,Fri,,,,false
2016-10-29,12446,Sat,,,,false
2016-10-30,12447,Sun,,,,false
2016-10-31,12448,Mon,,,,false
2016-11-01,12495,Tue,,,,false
2016-11-02,12573,Wed,,,,false
2016-11-03,12455,Thu,,,,false
2016-11-04,12460,Fri,,,,false
2016-11-05,12458,Sat,,,,false
2016-11-06,12459,Sun,,,,false
2016-11-07,12470,Mon,,,,false
2016-11-08,12472,Tue,,,,false
2016-11-09,12471,Wed,,,,false
2016-11-10,12473,Thu,,,,false
2016-11-11,12477,Fri,,,,false
2016-11-12,12478,Sat,,,,false
2016-11-13,12479,Sun,,,,false
2016-11-14,12487,Mon,,,,false
2016-11-15,12488,Tue,,,,false
2016-11-16,12489,Wed,,,,false
2016-11-17,12490,Thu,,,,false
2016-11-18,12492,Fri,,,,false
2016-11-19,12503,Sat,,,,false
2016-11-20,12504,Sun,,,,false
2016-11-21,12505,Mon,,,,false
2016-11-22,12557,Tue,,,,false
2016-11-23,12558,Wed,,,,false
2016-11-24,12556,Thu,,,,false
2016-11-25,12559,Fri,,,,false
2016-11-26,12562,Sat,,,,false
2016-11-27,12563,Sun,,,,false
2016-11-28,12571,Mon,,,,false
2016-11-29,12575,Tue,,,,false
2016-11-30,12576,Wed,,,,false
2016-12-01,12577,Thu,,,,false
2016-12-02,12578,Fri,,,,false
2016-12-03,12579,Sat,,,,false
2016-12-04,12580,Sun,,,,false
2016-12-05,12590,Mon,,,,false
2016-12-06,12589,Tue,,,,false
2016-12-07,12591,Wed,,,,false
2016-12-08,12592,Thu,,,,false
2016-12-09,12593,Fri,,,,false
2016-12-10,12598,Sat,,,,false
2016-12-11,12597,Sun,,,,false
2016-12-12,12596,Mon,,,,false
2016-12-13,12595,Tue,,,,false
2016-12-14,12684,Wed,,,,false
2016-12-15,12686,Thu,,,,false
2016-12-16,12685,Fri,,,,false
2016-12-17,12687,Sat,,,,false
2016-12-18,12688,Sun,,,,false
2016-12-19,12720,Mon,,,,false
2016-12-20,12718,Tue,,,,false
2016-12-21,12717,Wed,,,,false
2016-12-22,12719,Thu,,,,false
2016-12-23,12732,Fri,,,,false
2016-12-24,12731,Sat,,,,false
2016-12-25,12753,Sun,,,,false
2016-12-26,12754,Mon,,,,false
2016-12-27,12755,Tue,,,,false
2016-12-28,12756,Wed,,,,false
2016-12-29,12757,Thu,,,,false
2016-12-30,12758,Fri,,,,false
2016-12-31,12759,Sat,,,,false
2017-01-01,12762,Sun,,,,false
2017-01-02,12763,Mon,,,,false
2017-01-03,12764,Tue,,,,false
2017-01-04,12765,Wed,,,,false
2017-01-05,12775,Thu,,,,false
2017-01-06,12776,Fri,,,,false
2017-01-07,12785,Sat,,,,false
2017-01-08,12784,Sun,,,,false
2017-01-09,12787,Mon,,,,false
2017-01-10,12788,Tue,,,,false
2017-01-11,12792,Wed,,,,false
2017-01-12,12793,Thu,,,,false
2017-01-13,12801,Fri,,,,false
2017-01-14,12802,Sat,,,,false
2017-01-15,12804,Sun,,,,false
2017-01-16,12805,Mon,,,,false
2017-01-17,12806,Tue,,,,false
2017-01-18,12807,Wed,,,,false
2017-01-19,12809,Thu,,,,false
2017-01-20,12812,Fri,,,,false
2017-01-21,12822,Sat,,,,false
2017-01-22,12823,Sun,,,,false
2017-01-23,12813,Mon,,,,false
2017-01-24,12824,Tue,,,,false
2017-01-25,12825,Wed,,,,false
2017-01-26,12827,Thu,,,,false
2017-01-27,12829,Fri,,,,false
2017-01-28,12828,Sat,,,,false
2017-01-29,12837,Sun,,,,false
2017-01-30,12839,Mon,,,,false
2017-01-31,12840,Tue,,,,false
2017-02-01,12841,Wed,,,,false
2017-02-02,12844,Thu,,,,false
2017-02-03,12845,Fri,,,,false
2017-02-04,12853,Sat,,,,false
2017-02-05,12877,Sun,,,,false
2017-02-06,12878,Mon,,,,false
2017-02-07,12881,Tue,,,,false
2017-02-08,12882,Wed,,,,false
2017-02-09,12890,Thu,,,,false
2017-02-10,12893,Fri,,,,false
2017-02-11,12912,Sat,,,,false
2017-02-12,12913,Sun,,,,false
2017-02-13,12936,Mon,,,,false
2017-02-14,12937,Tue,,,,false
2017-02-15,12938,Wed,,,,false
2017-02-16,12939,Thu,,,,false
2017-02-17,12940,Fri,,,,false
2017-02-18,12942,Sat,,,,false
2017-02-19,12944,Sun,,,,false
2017-02-20,12945,Mon,,,,false
2017-02-21,12946,Tue,,,,false
2017-02-22,12958,Wed,,,,false
2017-02-23,12957,Thu,,,,false
2017-02-24,12956,Fri,,,,false
2017-02-25,12961,Sat,,,,false
2017-02-26,12962,Sun,,,,false
2017-02-27,12974,Mon,,,,false
2017-02-28,12970,Tue,,,,false
2017-03-01,12971,Wed,,,,false
2017-03-02,12973,Thu,,,,false
2017-03-03,12975,Fri,,,,false
2017-03-04,12979,Sat,,,,false
2017-03-05,12980,Sun,,,,false
2017-03-06,12977,Mon,,,,false
2017-03-07,12976,Tue,,,,false
2017-03-08,13008,Wed,,,,false
2017-03-09,13009,Thu,,,,false
2017-03-10,13010,Fri,,,,false
2017-03-11,13013,Sat,,,,false
2017-03-12,13012,Sun,,,,false
2017-03-13,13014,Mon,,,,false
2017-03-14,13025,Tue,,,,false
2017-03-15,13027,Wed,,,,false
2017-03-16,13029,Thu,,,,false
2017-03-17,13063,Fri,,,,false
2017-03-18,13065,Sat,,,,false
2017-03-19,13064,Sun,,,,false
2017-03-20,13082,Mon,,,,false
2017-03-21,13087,Tue,,,,false
2017-03-22,13088,Wed,,,,false
2017-03-23,13090,Thu,,,,false
2017-03-24,13091,Fri,,,,false
2017-03-25,13092,Sat,,,,false
2017-03-26,13093,Sun,,,,false
2017-03-27,13094,Mon,,,,false
2017-03-28,13095,Tue,,,,false
2017-03-29,13096,Wed,,,,false
2017-03-30,13098,Thu,,,,false
2017-03-31,13099,Fri,,,,false
2017-04-01,13100,Sat,,,,false
2017-04-02,13101,Sun,,,,false
2017-04-03,13102,Mon,,,,false
2017-04-04,13117,Tue,,,,false
2017-04-05,13120,Wed,,,,false
2017-04-06,13121,Thu,,,,false
2017-04-07,13123,Fri,,,,false
2017-04-08,13131,Sat,,,,false
2017-04-09,13132,Sun,,,,false
2017-04-10,13133,Mon,,,,false
2017-04-11,13141,Tue,,,,false
2017-04-12,13142,Wed,,,,false
2017-04-13,13143,Thu,,,,false
2017-04-14,13164,Fri,,,,false
2017-04-15,13165,Sat,,,,false
2017-04-16,13175,Sun,,,,false
2017-04-17,13176,Mon,,,,false
2017-04-18,13177,Tue,,,,false
2017-04-19,13178,Wed,,,,false
2017-04-20,13180,Thu,,,,false
2017-04-21,13181,Fri,,,,false
2017-04-22,13182,Sat,,,,false
2017-04-23,13191,Sun,,,,false
2017-04-24,13192,Mon,,,,false
2017-04-25,13193,Tue,,,,false
2017-04-26,13195,Wed,,,,false
2017-04-27,13197,Thu,,,,false
2017-04-28,13196,Fri,,,,false
2017-04-29,13198,Sat,,,,false
2017-04-30,13228,Sun,,,,false
2017-05-01,13229,Mon,,,,false
2017-05-02,13230,Tue,,,,false
2017-05-03,13231,Wed,,,,false
2017-05-04,13232,Thu,,,,false
2017-05-05,13240,Fri,,,,false
2017-05-06,13241,Sat,,,,false
2017-05-07,13242,Sun,,,,false
2017-05-08,13243,Mon,,,,false
2017-05-09,13246,Tue,,,,false
2017-05-10,13247,Wed,,,,false
2017-05-11,13250,Thu,,,,false
2017-05-12,13251,Fri,,,,false
2017-05-13,13253,Sat,,,,false
2017-05-14,13254,Sun,,,,false
2017-05-15,13255,Mon,,,,false
2017-05-16,13263,Tue,,,,false
2017-05-17,13264,Wed,,,,false
2017-05-18,13297,Thu,,,,false
2017-05-19,13298,Fri,,,,false
2017-05-20,13306,Sat,,,,false
2017-05-21,13308,Sun,,,,false
2017-05-22,13307,Mon,,,,false
2017-05-23,13329,Tue,,,,false
2017-05-24,13330,Wed,,,,false
2017-05-25,13332,Thu,,,,false
2017-05-26,13333,Fri,,,,false
2017-05-27,13334,Sat,,,,false
2017-05-28,13344,Sun,,,,false
2017-05-29,13345,Mon,,,,false
2017-05-30,13346,Tue,,,,false
2017-05-31,13347,Wed,,,,false
2017-06-01,13348,Thu,,,,false
2017-06-02,13349,Fri,,,,false
2017-06-03,13350,Sat,,,,false
2017-06-04,13353,Sun,,,,false
2017-06-05,13354,Mon,,,,false
2017-06-06,13362,Tue,,,,false
2017-06-07,13363,Wed,,,,false
2017-06-08,13387,Thu,,,,false
2017-06-09,13388,Fri,,,,false
2017-06-10,13389,Sat,,,,false
2017-06-11,13399,Sun,,,,false
2017-06-12,13401,Mon,,,,false
2017-06-13,13398,Tue,,,,false
2017-06-14,13400,Wed,,,,false
2017-06-15,13402,Thu,,,,false
2017-06-16,13406,Fri,,,,false
2017-06-17,13407,Sat,,,,false
2017-06-18,13408,Sun,,,,false
2017-06-19,13409,Mon,,,,false
2017-06-20,13419,Tue,,,,false
2017-06-21,13420,Wed,,,,false
2017-06-22,13421,Thu,,,,false
2017-06-23,13444,Fri,,,,false
2017-06-24,13452,Sat,,,,false
2017-06-25,13454,Sun,,,,false
2017-06-26,13453,Mon,,,,false
2017-06-27,13478,Tue,,,,false
2017-06-28,13477,Wed,,,,false
2017-06-29,13484,Thu,,,,false
2017-06-30,13492,Fri,,,,false
2017-07-01,13495,Sat,,,,false
2017-07-02,13497,Sun,,,,false
2017-07-03,13496,Mon,,,,false
2017-07-04,13494,Tue,,,,false
2017-07-05,13493,Wed,,,,false
2017-07-06,13499,Thu,,,,false
2017-07-07,13498,Fri,,,,false
2017-07-08,13500,Sat,,,,false
2017-07-09,13522,Sun,,,,false
2017-07-10,13523,Mon,,,,false
2017-07-11,13524,Tue,,,,false
2017-07-12,13577,Wed,,,,false
2017-07-13,13580,Thu,,,,false
2017-07-14,13581,Fri,,,,false
2017-07-15,13582,Sat,,,,false
2017-07-16,13583,Sun,,,,false
2017-07-17,13591,Mon,,,,false
2017-07-18,13594,Tue,,,,false
2017-07-19,13595,Wed,,,,false
2017-07-20,13616,Thu,,,,false
2017-07-21,13617,Fri,,,,false
2017-07-22,13619,Sat,,,,false
2017-07-23,13620,Sun,,,,false
2017-07-24,13630,Mon,,,,false
2017-07-25,13632,Tue,,,,false
2017-07-26,13653,Wed,,,,false
2017-07-27,13655,Thu,,,,false
2017-07-28,13654,Fri,,,,false
2017-07-29,13659,Sat,,,,false
2017-07-30,13658,Sun,,,,false
2017-07-31,13660,Mon,,,,false
2017-08-01,13668,Tue,,,,false
2017-08-02,13669,Wed,,,,false
2017-08-03,13670,Thu,,,,false
2017-08-04,13702,Fri,,,,false
2017-08-05,13703,Sat,,,,false
2017-08-06,13711,Sun,,,,false
2017-08-07,13713,Mon,,,,false
2017-08-08,13715,Tue,,,,false
2017-08-09,13716,Wed,,,,false
2017-08-10,13737,Thu,,,,false
2017-08-11,13738,Fri,,,,false
2017-08-12,13748,Sat,,,,false
2017-08-13,13752,Sun,,,,false
2017-08-14,13750,Mon,,,,false
2017-08-15,13751,Tue,,,,false
2017-08-16,13755,Wed,,,,false
2017-08-17,13754,Thu,,,,false
2017-08-18,13753,Fri,,,,false
2017-08-19,13756,Sat,,,,false
2017-08-20,13757,Sun,,,,false
2017-08-21,13767,Mon,,,,false
2017-08-22,13770,Tue,,,,false
2017-08-23,13771,Wed,,,,false
2017-08-24,13772,Thu,,,,false
2017-08-25,13773,Fri,,,,false
2017-08-26,13852,Sat,,,,false
2017-08-27,13858,Sun,,,,false
2017-08-28,13857,Mon,,,,false
2017-08-29,13859,Tue,,,,false
2017-08-30,13860,Wed,,,,false
2017-08-31,13881,Thu,,,,false
2017-09-01,13882,Fri,,,,false
2017-09-02,13884,Sat,,,,false
2017-09-03,13888,Sun,,,,false
2017-09-04,13887,Mon,,,,false
2017-09-05,13896,Tue,,,,false
2017-09-06,13897,Wed,,,,false
2017-09-07,13899,Thu,,,,false
2017-09-08,13903,Fri,,,,false
2017-09-09,13911,Sat,,,,false
2017-09-10,13913,Sun,,,,false
2017-09-11,13912,Mon,,,,false
2017-09-12,13914,Tue,,,,false
2017-09-13,13915,Wed,,,,false
2017-09-14,13916,Thu,,,,false
2017-09-15,13919,Fri,,,,false
2017-09-16,13918,Sat,,,,false
2017-09-17,13922,Sun,,,,false
2017-09-18,13921,Mon,,,,false
2017-09-19,13931,Tue,,,,false
2017-09-20,13932,Wed,,,,false
2017-09-21,13933,Thu,,,,false
2017-09-22,13934,Fri,,,,false
2017-09-23,13935,Sat,,,,false
2017-09-24,13938,Sun,,,,false
2017-09-25,13946,Mon,,,,false
2017-09-26,13950,Tue,,,,false
2017-09-27,13951,Wed,,,,false
2017-09-28,13952,Thu,,,,false
2017-09-29,13973,Fri,,,,false
2017-09-30,14007,Sat,,,,false
2017-10-01,14004,Sun,,,,false
2017-10-02,14009,Mon,,,,false
2017-10-03,14017,Tue,,,,false
2017-10-04,14018,Wed,,,,false
2017-10-05,14074,Thu,,,,false
2017-10-06,14076,Fri,,,,false
2017-10-07,14077,Sat,,,,false
2017-10-08,14079,Sun,,,,false
2017-10-09,14080,Mon,,,,false
2017-10-10,14081,Tue,,,,false
2017-10-11,14082,Wed,,,,false
2017-10-12,14083,Thu,,,,false
2017-10-13,14093,Fri,,,,false
2017-10-14,14095,Sat,,,,false
2017-10-15,14096,Sun,,,,false
2017-10-16,14128,Mon,,,,false
2017-10-17,14142,Tue,,,,false
2017-10-18,14143,Wed,,,,false
2017-10-19,14155,Thu,,,,false
2017-10-20,14163,Fri,,,,false
2017-10-21,14175,Sat,,,,false
2017-10-22,14176,Sun,,,,false
2017-10-23,14174,Mon,,,,false
2017-10-24,14178,Tue,,,,false
2017-10-25,14179,Wed,,,,false
2017-10-26,14180,Thu,,,,false
2017-10-27,14181,Fri,,,,false
2017-10-28,14182,Sat,,,,false
2017-10-29,14184,Sun,,,,false
2017-10-30,14195,Mon,,,,false
2017-10-31,14196,Tue,,,,false
2017-11-01,14197,Wed,,,,false
2017-11-02,14200,Thu,,,,false
2017-11-03,14201,Fri,,,,false
2017-11-04,14202,Sat,,,,false
2017-11-05,14203,Sun,,,,false
2017-11-06,14240,Mon,,,,false
2017-11-07,14249,Tue,,,,false
2017-11-08,14250,Wed,,,,false
2017-11-09,14251,Thu,,,,false
2017-11-10,14252,Fri,,,,false
2017-11-11,14255,Sat,,,,false
2017-11-12,14253,Sun,,,,false
2017-11-13,14199,Mon,,,,false
2017-11-14,14254,Tue,,,,false
2017-11-15,14286,Wed,,,,false
2017-11-16,14298,Thu,,,,false
2017-11-17,14297,Fri,,,,false
2017-11-18,14299,Sat,,,,false
2017-11-19,14300,Sun,,,,false
2017-11-20,14301,Mon,,,,false
2017-11-21,14302,Tue,,,,false
2017-11-22,14303,Wed,,,,false
2017-11-23,14320,Thu,,,,false
2017-11-24,14321,Fri,,,,false
2017-11-25,14331,Sat,,,,false
2017-11-26,14332,Sun,,,,false
2017-11-27,14330,Mon,,,,false
2017-11-28,14333,Tue,,,,false
2017-11-29,14329,Wed,,,,false
2017-11-30,14344,Thu,,,,false
2017-12-01,14346,Fri,,,,false
2017-12-02,14345,Sat,,,,false
2017-12-03,14369,Sun,,,,false
2017-12-04,14368,Mon,,,,false
2017-12-05,14370,Tue,,,,false
2017-12-06,14386,Wed,,,,false
2017-12-07,14390,Thu,,,,false
2017-12-08,14388,Fri,,,,false
2017-12-09,14408,Sat,,,,false
2017-12-10,14407,Sun,,,,false
2017-12-11,14411,Mon,,,,false
2017-12-12,14409,Tue,,,,false
2017-12-13,14410,Wed,,,,false
2017-12-14,14413,Thu,,,,false
2017-12-15,14412,Fri,,,,false
2017-12-16,14415,Sat,,,,false
2017-12-17,14414,Sun,,,,false
2017-12-18,14417,Mon,,,,false
2017-12-19,14419,Tue,,,,false
2017-12-20,14418,Wed,,,,false
2017-12-21,14455,Thu,,,,false
2017-12-22,14458,Fri,,,,false
2017-12-23,14459,Sat,,,,false
2017-12-24,14470,Sun,,,,false
2017-12-25,14473,Mon,,,,false
2017-12-26,14474,Tue,,,,false
2017-12-27,14477,Wed,,,,false
2017-12-28,14476,Thu,,,,false
2017-12-29,14478,Fri,,,,false
2017-12-30,14480,Sat,,,,false
2017-12-31,14483,Sun,,,,false
2018-01-01,14513,Mon,,,,false
2018-01-02,14514,Tue,,,,false
2018-01-03,14515,Wed,,,,false
2018-01-04,14537,Thu,,,,false
2018-01-05,14536,Fri,,,,false
2018-01-06,14538,Sat,,,,false
2018-01-07,14539,Sun,,,,false
2018-01-08,14540,Mon,,,,false
2018-01-09,14567,Tue,,,,false
2018-01-10,14565,Wed,,,,false
2018-01-11,14566,Thu,,,,false
2018-01-12,14577,Fri,,,,false
2018-01-13,14578,Sat,,,,false
2018-01-14,14580,Sun,,,,false
2018-01-15,14581,Mon,,,,false
2018-01-16,14582,Tue,,,,false
2018-01-17,14583,Wed,,,,false
2018-01-18,14585,Thu,,,,false
2018-01-19,14584,Fri,,,,false
2018-01-20,14609,Sat,,,,false
2018-01-21,14607,Sun,,,,false
2018-01-22,14604,Mon,,,,false
2018-01-23,14605,Tue,,,,false
2018-01-24,14611,Wed,,,,false
2018-01-25,14610,Thu,,,,false
2018-01-26,14612,Fri,,,,false
2018-01-27,14613,Sat,,,,false
2018-01-28,14615,Sun,,,,false
2018-01-29,14614,Mon,,,,false
2018-01-30,14656,Tue,,,,false
2018-01-31,14657,Wed,,,,false
2018-02-01,14658,Thu,,,,false
2018-02-02,14659,Fri,,,,false
2018-02-03,14660,Sat,,,,false
2018-02-04,14661,Sun,,,,false
2018-02-05,14684,Mon,,,,false
2018-02-06,14685,Tue,,,,false
2018-02-07,14687,Wed,,,,false
2018-02-08,14688,Thu,,,,false
2018-02-09,14700,Fri,,,,false
2018-02-10,14710,Sat,,,,false
2018-02-11,14711,Sun,,,,false
2018-02-12,14717,Mon,,,,false
2018-02-13,14718,Tue,,,,false
2018-02-14,14719,Wed,,,,false
2018-02-15,14721,Thu,,,,false
2018-02-16,14720,Fri,,,,false
2018-02-17,14722,Sat,,,,false
2018-02-18,14732,Sun,,,,false
2018-02-19,14733,Mon,,,,false
2018-02-20,14738,Tue,,,,false
2018-02-21,14739,Wed,,,,false
2018-02-22,14740,Thu,,,,false
2018-02-23,14743,Fri,,,,false
2018-02-24,14744,Sat,,,,false
2018-02-25,14745,Sun,,,,false
2018-02-26,14756,Mon,,,,false
2018-02-27,14787,Tue,,,,false
2018-02-28,14789,Wed,,,,false
2018-03-01,14790,Thu,,,,false
2018-03-02,14791,Fri,,,,false
2018-03-03,14805,Sat,,,,false
2018-03-04,14792,Sun,,,,false
2018-03-05,14793,Mon,,,,false
2018-03-06,14806,Tue,,,,false
2018-03-07,14808,Wed,,,,false
2018-03-08,14807,Thu,,,,false
2018-03-09,14809,Fri,,,,false
2018-03-10,14821,Sat,,,,false
2018-03-11,14822,Sun,,,,false
2018-03-12,14823,Mon,,,,false
2018-03-13,14825,Tue,,,,false
2018-03-14,14826,Wed,,,,false
2018-03-15,14827,Thu,,,,false
2018-03-16,14829,Fri,,,,false
2018-03-17,14864,Sat,,,,false
2018-03-18,14889,Sun,,,,false
2018-03-19,14891,Mon,,,,false
2018-03-20,14890,Tue,,,,false
2018-03-21,14892,Wed,,,,false
2018-03-22,14896,Thu,,,,false
2018-03-23,14897,Fri,,,,false
2018-03-24,14898,Sat,,,,false
2018-03-25,14902,Sun,,,,false
2018-03-26,14913,Mon,,,,false
2018-03-27,14914,Tue,,,,false
2018-03-28,14912,Wed,,,,false
2018-03-29,14946,Thu,,,,false
2018-03-30,14947,Fri,,,,false
2018-03-31,14948,Sat,,,,false
2018-04-01,14958,Sun,,,,false
2018-04-02,14959,Mon,,,,false
2018-04-03,14960,Tue,,,,false
2018-04-04,14961,Wed,,,,false
2018-04-05,14962,Thu,,,,false
2018-04-06,14964,Fri,,,,false
2018-04-07,14963,Sat,,,,false
2018-04-08,14976,Sun,,,,false
2018-04-09,14975,Mon,,,,false
2018-04-10,14980,Tue,,,,false
2018-04-11,14983,Wed,,,,false
2018-04-12,14982,Thu,,,,false
2018-04-13,14985,Fri,,,,false
2018-04-14,14986,Sat,,,,false
2018-04-15,14987,Sun,,,,false
2018-04-16,14989,Mon,,,,false
2018-04-17,14988,Tue,,,,false
2018-04-18,14999,Wed,,,,false
2018-04-19,15000,Thu,,,,false
2018-04-20,15021,Fri,,,,false
2018-04-21,15030,Sat,,,,false
2018-04-22,15029,Sun,,,,false
2018-04-23,15046,Mon,,,,false
2018-04-24,15045,Tue,,,,false
2018-04-25,15048,Wed,,,,false
2018-04-26,15047,Thu,,,,false
2018-04-27,15071,Fri,,,,false
2018-04-28,15085,Sat,,,,false
2018-04-29,15084,Sun,,,,false
2018-04-30,15091,Mon,,,,false
2018-05-01,15090,Tue,,,,false
2018-05-02,15089,Wed,,,,false
2018-05-03,15092,Thu,,,,false
2018-05-04,15093,Fri,,,,false
2018-05-05,15094,Sat,,,,false
2018-05-06,15095,Sun,,,,false
2018-05-07,15110,Mon,,,,false
2018-05-08,15112,Tue,,,,false
2018-05-09,15113,Wed,,,,false
2018-05-10,15114,Thu,,,,false
2018-05-11,15129,Fri,,,,false
2018-05-12,15127,Sat,,,,false
2018-05-13,15128,Sun,,,,false
2018-05-14,15130,Mon,,,,false
2018-05-15,15126,Tue,,,,false
2018-05-16,15184,Wed,,,,false
2018-05-17,15183,Thu,,,,false
2018-05-18,15199,Fri,,,,false
2018-05-19,15201,Sat,,,,false
2018-05-20,15211,Sun,,,,false
2018-05-21,15213,Mon,,,,false
2018-05-22,15214,Tue,,,,false
2018-05-23,15217,Wed,,,,false
2018-05-24,15216,Thu,,,,false
2018-05-25,15215,Fri,,,,false
2018-05-26,15218,Sat,,,,false
2018-05-27,15219,Sun,,,,false
2018-05-28,15220,Mon,,,,false
2018-05-29,15230,Tue,,,,false
2018-05-30,15232,Wed,,,,false
2018-05-31,15233,Thu,,,,false
2018-06-01,15251,Fri,,,,false
2018-06-02,15252,Sat,,,,false
2018-06-03,15275,Sun,,,,false
2018-06-04,15276,Mon,,,,false
2018-06-05,15277,Tue,,,,false
2018-06-06,15279,Wed,,,,false
2018-06-07,15282,Thu,,,,false
2018-06-08,15281,Fri,,,,false
2018-06-09,15280,Sat,,,,false
2018-06-10,15283,Sun,,,,false
2018-06-11,15284,Mon,,,,false
2018-06-12,15295,Tue,,,,false
2018-06-13,15296,Wed,,,,false
2018-06-14,15297,Thu,,,,false
2018-06-15,15298,Fri,,,,false
2018-06-16,15299,Sat,,,,false
2018-06-17,15300,Sun,,,,false
2018-06-18,15301,Mon,,,,false
2018-06-19,15302,Tue,,,,false
2018-06-20,15303,Wed,,,,false
2018-06-21,15315,Thu,,,,false
2018-06-22,15314,Fri,,,,false
2018-06-23,15316,Sat,,,,false
2018-06-24,15318,Sun,,,,false
2018-06-25,15319,Mon,,,,false
2018-06-26,15320,Tue,,,,false
2018-06-27,15321,Wed,,,,false
2018-06-28,15333,Thu,,,,false
2018-06-29,15366,Fri,,,,false
2018-06-30,15367,Sat,,,,false
2018-07-01,15385,Sun,,,,false
2018-07-02,15391,Mon,,,,false
2018-07-03,15392,Tue,,,,false
2018-07-04,15393,Wed,,,,false
2018-07-05,15407,Thu,,,,false
2018-07-06,15408,Fri,,,,false
2018-07-07,15409,Sat,,,,false
2018-07-08,15431,Sun,,,,false
2018-07-09,15432,Mon,,,,false
2018-07-10,15433,Tue,,,,false
2018-07-11,15434,Wed,,,,false
2018-07-12,15436,Thu,,,,false
2018-07-13,15438,Fri,,,,false
2018-07-14,15437,Sat,,,,false
2018-07-15,15450,Sun,,,,false
2018-07-16,15440,Mon,,,,false
2018-07-17,15461,Tue,,,,false
2018-07-18,15462,Wed,,,,false
2018-07-19,15463,Thu,,,,false
2018-07-20,15464,Fri,,,,false
2018-07-21,15465,Sat,,,,false
2018-07-22,15467,Sun,,,,false
2018-07-23,15468,Mon,,,,false
2018-07-24,15469,Tue,,,,false
2018-07-25,15481,Wed,,,,false
2018-07-26,15482,Thu,,,,false
2018-07-27,15483,Fri,,,,false
2018-07-28,15493,Sat,,,,false
2018-07-29,15494,Sun,,,,false
2018-07-30,15495,Mon,,,,false
2018-07-31,15497,Tue,,,,false
2018-08-01,15496,Wed,,,,false
2018-08-02,15498,Thu,,,,false
2018-08-03,15499,Fri,,,,false
2018-08-04,15500,Sat,,,,false
2018-08-05,15501,Sun,,,,false
2018-08-06,15531,Mon,,,,false
2018-08-07,15527,Tue,,,,false
2018-08-08,15528,Wed,,,,false
2018-08-09,15526,Thu,,,,false
2018-08-10,15525,Fri,,,,false
2018-08-11,15529,Sat,,,,false
2018-08-12,15530,Sun,,,,false
2018-08-13,15540,Mon,,,,false
2018-08-14,15550,Tue,,,,false
2018-08-15,15551,Wed,,,,false
2018-08-16,15553,Thu,,,,false
2018-08-17,15574,Fri,,,,false
2018-08-18,15575,Sat,,,,false
2018-08-19,15586,Sun,,,,false
2018-08-20,15588,Mon,,,,false
2018-08-21,15587,Tue,,,,false
2018-08-22,15620,Wed,,,,false
2018-08-23,15619,Thu,,,,false
2018-08-24,15621,Fri,,,,false
2018-08-25,15623,Sat,,,,false
2018-08-26,15622,Sun,,,,false
2018-08-27,15633,Mon,,,,false
2018-08-28,15634,Tue,,,,false
2018-08-29,15635,Wed,,,,false
2018-08-30,15636,Thu,,,,false
2018-08-31,15637,Fri,,,,false
2018-09-01,15638,Sat,,,,false
2018-09-02,15639,Sun,,,,false
2018-09-03,15649,Mon,,,,false
2018-09-04,15650,Tue,,,,false
2018-09-05,15651,Wed,,,,false
2018-09-06,15657,Thu,,,,false
2018-09-07,15658,Fri,,,,false
2018-09-08,15683,Sat,,,,false
2018-09-09,15694,Sun,,,,false
2018-09-10,15705,Mon,,,,false
2018-09-11,15706,Tue,,,,false
2018-09-12,15707,Wed,,,,false
2018-09-13,15708,Thu,,,,false
2018-09-14,15709,Fri,,,,false
2018-09-15,15734,Sat,,,,false
2018-09-16,15735,Sun,,,,false
2018-09-17,15731,Mon,,,,false
2018-09-18,15738,Tue,,,,false
2018-09-19,15737,Wed,,,,false
2018-09-20,15770,Thu,,,,false
2018-09-21,15771,Fri,,,,false
2018-09-22,15772,Sat,,,,false
2018-09-23,15782,Sun,,,,false
2018-09-24,15783,Mon,,,,false
2018-09-25,15784,Tue,,,,false
2018-09-26,15785,Wed,,,,false
2018-09-27,15786,Thu,,,,false
2018-09-28,15787,Fri,,,,false
2018-09-29,15788,Sat,,,,false
2018-09-30,15789,Sun,,,,false
2018-10-01,15790,Mon,,,,false
2018-10-02,15800,Tue,,,,false
2018-10-03,15801,Wed,,,,false
2018-10-04,15802,Thu,,,,false
2018-10-05,15816,Fri,,,,false
2018-10-06,15827,Sat,,,,false
2018-10-07,15836,Sun,,,,false
2018-10-08,15837,Mon,,,,false
2018-10-09,15838,Tue,,,,false
2018-10-10,15839,Wed,,,,false
2018-10-11,15840,Thu,,,,false
2018-10-12,15841,Fri,,,,false
2018-10-13,15851,Sat,,,,false
2018-10-14,15852,Sun,,,,false
2018-10-15,15883,Mon,,,,false
2018-10-16,15884,Tue,,,,false
2018-10-17,15885,Wed,,,,false
2018-10-18,15886,Thu,,,,false
2018-10-19,15887,Fri,,,,false
2018-10-20,15897,Sat,,,,false
2018-10-21,15898,Sun,,,,false
2018-10-22,15899,Mon,,,,false
2018-10-23,15900,Tue,,,,false
2018-10-24,15901,Wed,,,,false
2018-10-25,15902,Thu,,,,false
2018-10-26,15903,Fri,,,,false
2018-10-27,15904,Sat,,,,false
2018-10-28,15914,Sun,,,,false
2018-10-29,15915,Mon,,,,false
2018-10-30,15916,Tue,,,,false
2018-10-31,15917,Wed,,,,false
2018-11-01,15919,Thu,,,,false
2018-11-02,15920,Fri,,,,false
2018-11-03,15940,Sat,,,,false
2018-11-04,15941,Sun,,,,false
2018-11-05,15942,Mon,,,,false
2018-11-06,15943,Tue,,,,false
2018-11-07,15946,Wed,,,,false
2018-11-08,15948,Thu,,,,false
2018-11-09,15947,Fri,,,,false
2018-11-10,15949,Sat,,,,false
2018-11-11,15950,Sun,,,,false
2018-11-12,15951,Mon,,,,false
2018-11-13,15966,Tue,,,,false
2018-11-14,15967,Wed,,,,false
2018-11-15,15968,Thu,,,,false
2018-11-16,15982,Fri,,,,false
2018-11-17,15985,Sat,,,,false
2018-11-18,15988,Sun,,,,false
2018-11-19,15989,Mon,,,,false
2018-11-20,15991,Tue,,,,false
2018-11-21,16001,Wed,,,,false
2018-11-22,16004,Thu,,,,false
2018-11-23,16003,Fri,,,,false
2018-11-24,16005,Sat,,,,false
2018-11-25,16015,Sun,,,,false
2018-11-26,16016,Mon,,,,false
2018-11-27,16017,Tue,,,,false
2018-11-28,16018,Wed,,,,false
2018-11-29,16020,Thu,,,,false
2018-11-30,16019,Fri,,,,false
2018-12-01,16027,Sat,,,,false
2018-12-02,16022,Sun,,,,false
2018-12-03,16037,Mon,,,,false
2018-12-04,16074,Tue,,,,false
2018-12-05,16075,Wed,,,,false
2018-12-06,16076,Thu,,,,false
2018-12-07,16077,Fri,,,,false
2018-12-08,16087,Sat,,,,false
2018-12-09,16088,Sun,,,,false
2018-12-10,16106,Mon,,,,false
2018-12-11,16107,Tue,,,,false
2018-12-12,16108,Wed,,,,false
2018-12-13,16109,Thu,,,,false
2018-12-14,16110,Fri,,,,false
2018-12-15,16111,Sat,,,,false
2018-12-16,16138,Sun,,,,false
2018-12-17,16139,Mon,,,,false
2018-12-18,16144,Tue,,,,false
2018-12-19,16143,Wed,,,,false
2018-12-20,16145,Thu,,,,false
2018-12-21,16146,Fri,,,,false
2018-12-22,16157,Sat,,,,false
2018-12-23,16158,Sun,,,,false
2018-12-24,16159,Mon,,,,false
2018-12-25,16169,Tue,,,,false
2018-12-26,16170,Wed,,,,false
2018-12-27,16177,Thu,,,,false
2018-12-28,16182,Fri,,,,false
2018-12-29,16183,Sat,,,,false
2018-12-30,16193,Sun,,,,false
2018-12-31,16194,Mon,,,,false
2019-01-01,16195,Tue,,,,false
2019-01-02,16197,Wed,,,,false
2019-01-03,16198,Thu,,,,false
2019-01-04,16220,Fri,,,,false
2019-01-05,16219,Sat,,,,false
2019-01-06,16231,Sun,,,,false
2019-01-07,16232,Mon,,,,false
2019-01-08,16233,Tue,,,,false
2019-01-09,16234,Wed,,,,false
2019-01-10,16235,Thu,,,,false
2019-01-11,16236,Fri,,,,false
2019-01-12,16237,Sat,,,,false
2019-01-13,16247,Sun,,,,false
2019-01-14,16248,Mon,,,,false
2019-01-15,16249,Tue,,,,false
2019-01-16,16250,Wed,,,,false
2019-01-17,16251,Thu,,,,false
2019-01-18,16259,Fri,,,,false
2019-01-19,16262,Sat,,,,false
2019-01-20,16263,Sun,,,,false
2019-01-21,16264,Mon,,,,false
2019-01-22,16265,Tue,,,,false
2019-01-23,16266,Wed,,,,false
2019-01-24,16267,Thu,,,,false
2019-01-25,16268,Fri,,,,false
2019-01-26,16269,Sat,,,,false
2019-01-27,16270,Sun,,,,false
2019-01-28,16280,Mon,,,,false
2019-01-29,16282,Tue,,,,false
2019-01-30,16283,Wed,,,,false
2019-01-31,16284,Thu,,,,false
2019-02-01,16285,Fri,,,,false
2019-02-02,16286,Sat,,,,false
2019-02-03,16296,Sun,,,,false
2019-02-04,16297,Mon,,,,false
2019-02-05,16298,Tue,,,,false
2019-02-06,16299,Wed,,,,false
2019-02-07,16300,Thu,,,,false
2019-02-08,16301,Fri,,,,false
2019-02-09,16341,Sat,,,,false
2019-02-10,16343,Sun,,,,false
2019-02-11,16344,Mon,,,,false
2019-02-12,16345,Tue,,,,false
2019-02-13,16347,Wed,,,,false
2019-02-14,16346,Thu,,,,false
2019-02-15,16348,Fri,,,,false
2019-02-16,16349,Sat,,,,false
2019-02-17,16359,Sun,,,,false
2019-02-18,16360,Mon,,,,false
2019-02-19,16364,Tue,,,,false
2019-02-20,16369,Wed,,,,false
2019-02-21,16370,Thu,,,,false
2019-02-22,16372,Fri,,,,false
2019-02-23,16373,Sat,,,,false
2019-02-24,16384,Sun,,,,false
2019-02-25,16385,Mon,,,,false
2019-02-26,16386,Tue,,,,false
2019-02-27,16389,Wed,,,,false
2019-02-28,16390,Thu,,,,false
2019-03-01,16391,Fri,,,,false
2019-03-02,16401,Sat,,,,false
2019-03-03,16402,Sun,,,,false
2019-03-04,16404,Mon,,,,false
2019-03-05,16405,Tue,,,,false
2019-03-06,16407,Wed,,,,false
2019-03-07,16408,Thu,,,,false
2019-03-08,16413,Fri,,,,false
2019-03-09,16423,Sat,,,,false
2019-03-10,16425,Sun,,,,false
2019-03-11,16426,Mon,,,,false
2019-03-12,16446,Tue,,,,false
2019-03-13,16427,Wed,,,,false
2019-03-14,16447,Thu,,,,false
2019-03-15,16448,Fri,,,,false
2019-03-16,16449,Sat,,,,false
2019-03-17,16450,Sun,,,,false
2019-03-18,16460,Mon,,,,false
2019-03-19,16461,Tue,,,,false
2019-03-20,16462,Wed,,,,false
2019-03-21,16472,Thu,,,,false
2019-03-22,16473,Fri,,,,false
2019-03-23,16475,Sat,,,,false
2019-03-24,16474,Sun,,,,false
2019-03-25,16478,Mon,,,,false
2019-03-26,16479,Tue,,,,false
2019-03-27,16480,Wed,,,,false
2019-03-28,16482,Thu,,,,false
2019-03-29,16484,Fri,,,,false
2019-03-30,16494,Sat,,,,false
2019-03-31,16495,Sun,,,,false
2019-04-01,16496,Mon,,,,false
2019-04-02,16497,Tue,,,,false
2019-04-03,16498,Wed,,,,false
2019-04-04,16499,Thu,,,,false
2019-04-05,16501,Fri,,,,false
2019-04-06,16502,Sat,,,,false
2019-04-07,16533,Sun,,,,false
2019-04-08,16532,Mon,,,,false
2019-04-09,16534,Tue,,,,false
2019-04-10,16535,Wed,,,,false
2019-04-11,16536,Thu,,,,false
2019-04-12,16537,Fri,,,,false
2019-04-13,16538,Sat,,,,false
2019-04-14,16539,Sun,,,,false
2019-04-15,16549,Mon,,,,false
2019-04-16,16550,Tue,,,,false
2019-04-17,16551,Wed,,,,false
2019-04-18,16552,Thu,,,,false
2019-04-19,16553,Fri,,,,false
2019-04-20,16554,Sat,,,,false
2019-04-21,16555,Sun,,,,false
2019-04-22,16595,Mon,,,,false
2019-04-23,16596,Tue,,,,false
2019-04-24,16597,Wed,,,,false
2019-04-25,16598,Thu,,,,false
2019-04-26,16600,Fri,,,,false
2019-04-27,16601,Sat,,,,false
2019-04-28,16614,Sun,,,,false
2019-04-29,16626,Mon,,,,false
2019-04-30,16627,Tue,,,,false
2019-05-01,16629,Wed,,,,false
2019-05-02,16630,Thu,,,,false
2019-05-03,16628,Fri,,,,false
2019-05-04,16631,Sat,,,,false
2019-05-05,16653,Sun,,,,false
2019-05-06,16654,Mon,,,,false
2019-05-07,16664,Tue,,,,false
2019-05-08,16665,Wed,,,,false
2019-05-09,16666,Thu,,,,false
2019-05-10,16670,Fri,,,,false
2019-05-11,16668,Sat,,,,false
2019-05-12,16671,Sun,,,,false
2019-05-13,16667,Mon,,,,false
2019-05-14,16669,Tue,,,,false
2019-05-15,16711,Wed,,,,false
2019-05-16,16712,Thu,,,,false
2019-05-17,16713,Fri,,,,false
2019-05-18,16714,Sat,,,,false
2019-05-19,16726,Sun,,,,false
2019-05-20,16725,Mon,,,,false
2019-05-21,16728,Tue,,,,false
2019-05-22,16727,Wed,,,,false
2019-05-23,16729,Thu,,,,false
2019-05-24,16730,Fri,,,,false
2019-05-25,16738,Sat,,,,false
2019-05-26,16742,Sun,,,,false
2019-05-27,16743,Mon,,,,false
2019-05-28,16744,Tue,,,,false
2019-05-29,16765,Wed,,,,false
2019-05-30,16766,Thu,,,,false
2019-05-31,16767,Fri,,,,false
2019-06-01,16768,Sat,,,,false
2019-06-02,16769,Sun,,,,false
2019-06-03,16779,Mon,,,,false
2019-06-04,16780,Tue,,,,false
2019-06-05,16781,Wed,,,,false
2019-06-06,16782,Thu,,,,false
2019-06-07,16783,Fri,,,,false
2019-06-08,16784,Sat,,,,false
2019-06-09,16785,Sun,,,,false
2019-06-10,16786,Mon,,,,false
2019-06-11,16798,Tue,,,,false
2019-06-12,16799,Wed,,,,false
2019-06-13,16800,Thu,,,,false
2019-06-14,16801,Fri,,,,false
2019-06-15,16802,Sat,,,,false
2019-06-16,16803,Sun,,,,false
2019-06-17,16804,Mon,,,,false
2019-06-18,16815,Tue,,,,false
2019-06-19,16817,Wed,,,,false
2019-06-20,16818,Thu,,,,false
2019-06-21,16816,Fri,,,,false
2019-06-22,16814,Sat,,,,false
2019-06-23,16819,Sun,,,,false
2019-06-24,16820,Mon,,,,false
2019-06-25,16851,Tue,,,,false
2019-06-26,16852,Wed,,,,false
2019-06-27,16892,Thu,,,,false
2019-06-28,16893,Fri,,,,false
2019-06-29,16903,Sat,,,,false
2019-06-30,16904,Sun,,,,false
2019-07-01,16905,Mon,,,,false
2019-07-02,16906,Tue,,,,false
2019-07-03,16907,Wed,,,,false
2019-07-04,16909,Thu,,,,false
2019-07-05,16908,Fri,,,,false
2019-07-06,16910,Sat,,,,false
2019-07-07,16911,Sun,,,,false
2019-07-08,16921,Mon,,,,false
2019-07-09,16922,Tue,,,,false
2019-07-10,16923,Wed,,,,false
2019-07-11,16924,Thu,,,,false
2019-07-12,16925,Fri,,,,false
2019-07-13,16926,Sat,,,,false
2019-07-14,16936,Sun,,,,false
2019-07-15,16937,Mon,,,,false
2019-07-16,16938,Tue,,,,false
2019-07-17,16939,Wed,,,,false
2019-07-18,16940,Thu,,,,false
2019-07-19,16941,Fri,,,,false
2019-07-20,16942,Sat,,,,false
2019-07-21,16963,Sun,,,,false
2019-07-22,16964,Mon,,,,false
2019-07-23,16975,Tue,,,,false
2019-07-24,16974,Wed,,,,false
2019-07-25,16977,Thu,,,,false
2019-07-26,16976,Fri,,,,false
2019-07-27,16980,Sat,,,,false
2019-07-28,16979,Sun,,,,false
2019-07-29,16978,Mon,,,,false
2019-07-30,16981,Tue,,,,false
2019-07-31,16982,Wed,,,,false
2019-08-01,16995,Thu,,,,false
2019-08-02,16983,Fri,,,,false
2019-08-03,16984,Sat,,,,false
2019-08-04,17005,Sun,,,,false
2019-08-05,17006,Mon,,,,false
2019-08-06,17007,Tue,,,,false
2019-08-07,17008,Wed,,,,false
2019-08-08,17031,Thu,,,,false
2019-08-09,17032,Fri,,,,false
2019-08-10,17042,Sat,,,,false
2019-08-11,17043,Sun,,,,false
2019-08-12,17044,Mon,,,,false
2019-08-13,17045,Tue,,,,false
2019-08-14,17046,Wed,,,,false
2019-08-15,17047,Thu,,,,false
2019-08-16,17048,Fri,,,,false
2019-08-17,17049,Sat,,,,false
2019-08-18,17060,Sun,,,,false
2019-08-19,17061,Mon,,,,false
2019-08-20,17062,Tue,,,,false
2019-08-21,17073,Wed,,,,false
2019-08-22,17092,Thu,,,,false
2019-08-23,17093,Fri,,,,false
2019-08-24,17104,Sat,,,,false
2019-08-25,17111,Sun,,,,false
2019-08-26,17113,Mon,,,,false
2019-08-27,17114,Tue,,,,false
2019-08-28,17115,Wed,,,,false
2019-08-29,17116,Thu,,,,false
2019-08-30,17117,Fri,,,,false
2019-08-31,17118,Sat,,,,false
2019-09-01,17128,Sun,,,,false
2019-09-02,17129,Mon,,,,false
2019-09-03,17130,Tue,,,,false
2019-09-04,17131,Wed,,,,false
2019-09-05,17132,Thu,,,,false
2019-09-06,17133,Fri,,,,false
2019-09-07,17159,Sat,,,,false
2019-09-08,17199,Sun,,,,false
2019-09-09,17198,Mon,,,,false
2019-09-10,17204,Tue,,,,false
2019-09-11,17205,Wed,,,,false
2019-09-12,17206,Thu,,,,false
2019-09-13,17208,Fri,,,,false
2019-09-14,17211,Sat,,,,false
2019-09-15,17219,Sun,,,,false
2019-09-16,17220,Mon,,,,false
2019-09-17,17221,Tue,,,,false
2019-09-18,17223,Wed,,,,false
2019-09-19,17224,Thu,,,,false
2019-09-20,17225,Fri,,,,false
2019-09-21,17226,Sat,,,,false
2019-09-22,17236,Sun,,,,false
2019-09-23,17237,Mon,,,,false
2019-09-24,17238,Tue,,,,false
2019-09-25,17239,Wed,,,,false
2019-09-26,17240,Thu,,,,false
2019-09-27,17262,Fri,,,,false
2019-09-28,17264,Sat,,,,false
2019-09-29,17278,Sun,,,,false
2019-09-30,17275,Mon,,,,false
2019-10-01,17276,Tue,,,,false
2019-10-02,17277,Wed,,,,false
2019-10-03,17284,Thu,,,,false
2019-10-04,17285,Fri,,,,false
2019-10-05,17286,Sat,,,,false
2019-10-06,17287,Sun,,,,false
2019-10-07,17288,Mon,,,,false
2019-10-08,17299,Tue,,,,false
2019-10-09,17300,Wed,,,,false
2019-10-10,17301,Thu,,,,false
2019-10-11,17302,Fri,,,,false
2019-10-12,17303,Sat,,,,false
2019-10-13,17316,Sun,,,,false
2019-10-14,17317,Mon,,,,false
2019-10-15,17330,Tue,,,,false
2019-10-16,17320,Wed,,,,false
2019-10-17,17331,Thu,,,,false
2019-10-18,17334,Fri,,,,false
2019-10-19,17335,Sat,,,,false
2019-10-20,17337,Sun,,,,false
2019-10-21,17336,Mon,,,,false
2019-10-22,17341,Tue,,,,false
2019-10-23,17342,Wed,,,,false
2019-10-24,17343,Thu,,,,false
2019-10-25,17390,Fri,,,,false
2019-10-26,17391,Sat,,,,false
2019-10-27,17392,Sun,,,,false
2019-10-28,17393,Mon,,,,false
2019-10-29,17394,Tue,,,,false
2019-10-30,17395,Wed,,,,false
2019-10-31,17398,Thu,,,,false
2019-11-01,17396,Fri,,,,false
2019-11-02,17408,Sat,,,,false
2019-11-03,17409,Sun,,,,false
2019-11-04,17410,Mon,,,,false
2019-11-05,17411,Tue,,,,false
2019-11-06,17412,Wed,,,,false
2019-11-07,17413,Thu,,,,false
2019-11-08,17414,Fri,,,,false
2019-11-09,17415,Sat,,,,false
2019-11-10,17418,Sun,,,,false
2019-11-11,17426,Mon,,,,false
2019-11-12,17427,Tue,,,,false
2019-11-13,17428,Wed,,,,false
2019-11-14,17429,Thu,,,,false
2019-11-15,17430,Fri,,,,false
2019-11-16,17431,Sat,,,,false
2019-11-17,17450,Sun,,,,false
2019-11-18,17451,Mon,,,,false
2019-11-19,17461,Tue,,,,false
2019-11-20,17462,Wed,,,,false
2019-11-21,17463,Thu,,,,false
2019-11-22,17473,Fri,,,,false
2019-11-23,17487,Sat,,,,false
2019-11-24,17488,Sun,,,,false
2019-11-25,17492,Mon,,,,false
2019-11-26,17493,Tue,,,,false
2019-11-27,17498,Wed,,,,false
2019-11-28,17499,Thu,,,,false
2019-11-29,17501,Fri,,,,false
2019-11-30,17502,Sat,,,,false
2019-12-01,17516,Sun,,,,false
2019-12-02,17517,Mon,,,,false
2019-12-03,17518,Tue,,,,false
2019-12-04,17519,Wed,,,,false
2019-12-05,17520,Thu,,,,false
2019-12-06,17522,Fri,,,,false
2019-12-07,17530,Sat,,,,false
2019-12-08,17521,Sun,,,,false
2019-12-09,17533,Mon,,,,false
2019-12-10,17534,Tue,,,,false
2019-12-11,17535,Wed,,,,false
2019-12-12,17536,Thu,,,,false
2019-12-13,17537,Fri,,,,false
2019-12-14,17538,Sat,,,,false
2019-12-15,17560,Sun,,,,false
2019-12-16,17561,Mon,,,,false
2019-12-17,17562,Tue,,,,false
2019-12-18,17566,Wed,,,,false
2019-12-19,17565,Thu,,,,false
2019-12-20,17574,Fri,,,,false
2019-12-21,17576,Sat,,,,false
2019-12-22,17575,Sun,,,,false
2019-12-23,17577,Mon,,,,false
2019-12-24,17578,Tue,,,,false
2019-12-25,17579,Wed,,,,false
2019-12-26,17580,Thu,,,,false
2019-12-27,17588,Fri,,,,false
2019-12-28,17592,Sat,,,,false
2019-12-29,17593,Sun,,,,false
2019-12-30,17594,Mon,,,,false
2019-12-31,17597,Tue,,,,false
2020-01-01,17595,Wed,,,,false
2020-01-02,17596,Thu,,,,false
2020-01-03,17598,Fri,,,,false
2020-01-04,17599,Sat,,,,false
2020-01-05,17618,Sun,,,,false
2020-01-06,17619,Mon,,,,false
2020-01-07,17620,Tue,,,,false
2020-01-08,17621,Wed,,,,false
2020-01-09,17622,Thu,,,,false
2020-01-10,17623,Fri,,,,false
2020-01-11,17667,Sat,,,,false
2020-01-12,17668,Sun,,,,false
2020-01-13,17669,Mon,,,,false
2020-01-14,17670,Tue,,,,false
2020-01-15,17671,Wed,,,,false
2020-01-16,17672,Thu,,,,false
2020-01-17,17673,Fri,,,,false
2020-01-18,17674,Sat,,,,false
2020-01-19,17686,Sun,,,,false
2020-01-20,17689,Mon,,,,false
2020-01-21,17693,Tue,,,,false
2020-01-22,17694,Wed,,,,false
2020-01-23,17695,Thu,,,,false
2020-01-24,17696,Fri,,,,false
2020-01-25,17697,Sat,,,,false
2020-01-26,17701,Sun,,,,false
2020-01-27,17713,Mon,,,,false
2020-01-28,17714,Tue,,,,false
2020-01-29,17753,Wed,,,,false
2020-01-30,17754,Thu,,,,false
2020-01-31,17755,Fri,,,,false
2020-02-01,17757,Sat,,,,false
2020-02-02,17756,Sun,,,,false
2020-02-03,17768,Mon,,,,false
2020-02-04,17767,Tue,,,,false
2020-02-05,17771,Wed,,,,false
2020-02-06,17772,Thu,,,,false
2020-02-07,17773,Fri,,,,false
2020-02-08,17774,Sat,,,,false
2020-02-09,17785,Sun,,,,false
2020-02-10,17775,Mon,,,,false
2020-02-11,17786,Tue,,,,false
2020-02-12,17787,Wed,,,,false
2020-02-13,17788,Thu,,,,false
2020-02-14,17789,Fri,,,,false
2020-02-15,17790,Sat,,,,false
2020-02-16,17791,Sun,,,,false
2020-02-17,17802,Mon,,,,false
2020-02-18,17801,Tue,,,,false
2020-02-19,17803,Wed,,,,false
2020-02-20,17804,Thu,,,,false
2020-02-21,17805,Fri,,,,false
2020-02-22,17806,Sat,,,,false
2020-02-23,17869,Sun,,,,false
2020-02-24,17879,Mon,,,,false
2020-02-25,17880,Tue,,,,false
2020-02-26,17881,Wed,,,,false
2020-02-27,17882,Thu,,,,false
2020-02-28,17883,Fri,,,,false
2020-02-29,17891,Sat,,,,false
2020-03-01,17894,Sun,,,,false
2020-03-02,17895,Mon,,,,false
2020-03-03,17896,Tue,,,,false
2020-03-04,17897,Wed,,,,false
2020-03-05,17898,Thu,24,1583381866,1583381891,false
2020-03-06,17899,Fri,,,,false
2020-03-07,17922,Sat,,,,false
2020-03-08,17921,Sun,,,,false
2020-03-09,17933,Mon,,,,false
2020-03-10,17934,Tue,,,,false
2020-03-11,17936,Wed,,,,false
2020-03-12,17935,Thu,,,,false
2020-03-13,17937,Fri,,,,false
2020-03-14,17947,Sat,45,1584169442,1584169488,false
2020-03-15,17948,Sun,,,,false
2020-03-16,17958,Mon,,,,false
2020-03-17,17959,Tue,,,,false
2020-03-18,17962,Wed,,,,false
2020-03-19,17963,Thu,,,,false
2020-03-20,17971,Fri,,,,false
2020-03-21,17970,Sat,,,,false
2020-03-22,17980,Sun,,,,false
2020-03-23,17981,Mon,,,,false
2020-03-24,17985,Tue,,,,false
2020-03-25,17986,Wed,,,,false
2020-03-26,17988,Thu,,,,false
2020-03-27,17987,Fri,,,,false
2020-03-28,17989,Sat,,,,false
2020-03-29,17990,Sun,,,,false
2020-03-30,17991,Mon,,,,false
2020-03-31,18001,Tue,,,,false
2020-04-01,18002,Wed,20,1585743354,1585743374,false
2020-04-02,18003,Thu,,,,false
2020-04-03,18004,Fri,,,,false
2020-04-04,18005,Sat,,,,false
2020-04-05,18017,Sun,,,,false
2020-04-06,18006,Mon,,,,false
2020-04-07,18018,Tue,,,,false
2020-04-08,18019,Wed,,,,false
2020-04-09,18020,Thu,,,,false
2020-04-10,18021,Fri,,,,false
2020-04-11,18022,Sat,,,,false
2020-04-12,18034,Sun,,,,false
2020-04-13,18033,Mon,,,,false
2020-04-14,18035,Tue,,,,false
2020-04-15,18036,Wed,,,,false
2020-04-16,18058,Thu,,,,false
2020-04-17,18023,Fri,,,,false
2020-04-18,18059,Sat,,,,false
2020-04-19,18092,Sun,,,,false
2020-04-20,18093,Mon,,,,false
2020-04-21,18103,Tue,,,,false
2020-04-22,18105,Wed,,,,false
2020-04-23,18104,Thu,,,,false
2020-04-24,18138,Fri,,,,false
2020-04-25,18173,Sat,,,,false
2020-04-26,18181,Sun,,,,false
2020-04-27,18183,Mon,,,,false
2020-04-28,18184,Tue,,,,false
2020-04-29,18185,Wed,,,,false
2020-04-30,18200,Thu,,,,false
2020-05-01,18207,Fri,,,,false
2020-05-02,18211,Sat,,,,false
2020-05-03,18212,Sun,,,,false
2020-05-04,18213,Mon,,,,false
2020-05-05,18214,Tue,,,,false
2020-05-06,18222,Wed,,,,false
2020-05-07,18223,Thu,,,,false
2020-05-08,18225,Fri,,,,false
2020-05-09,18224,Sat,,,,false
2020-05-10,18226,Sun,,,,false
2020-05-11,18227,Mon,,,,false
2020-05-12,18237,Tue,,,,false
2020-05-13,18238,Wed,,,,false
2020-05-14,18239,Thu,,,,false
2020-05-15,18240,Fri,,,,false
2020-05-16,18241,Sat,,,,false
2020-05-17,18251,Sun,,,,false
2020-05-18,18252,Mon,,,,false
2020-05-19,18254,Tue,,,,false
2020-05-20,18253,Wed,,,,false
2020-05-21,18255,Thu,,,,false
2020-05-22,18256,Fri,,,,false
2020-05-23,18280,Sat,,,,false
2020-05-24,18281,Sun,,,,false
2020-05-25,18291,Mon,,,,false
2020-05-26,18292,Tue,,,,false
2020-05-27,18293,Wed,,,,false
2020-05-28,18294,Thu,,,,false
2020-05-29,18295,Fri,,,,false
2020-05-30,18306,Sat,,,,false
2020-05-31,18307,Sun,,,,false
2020-06-01,18308,Mon,,,,false
2020-06-02,18309,Tue,,,,false
2020-06-03,18310,Wed,,,,false
2020-06-04,18311,Thu,,,,false
2020-06-05,18312,Fri,,,,false
2020-06-06,18322,Sat,,,,false
2020-06-07,18323,Sun,,,,false
2020-06-08,18324,Mon,35,1593171111,1593171146,false
2020-06-09,18325,Tue,,,,false
2020-06-10,18326,Wed,,,,false
2020-06-11,18328,Thu,,,,false
2020-06-12,18327,Fri,,,,false
2020-06-13,18329,Sat,,,,false
2020-06-14,18337,Sun,,,,false
2020-06-15,18338,Mon,,,,false
2020-06-16,18340,Tue,,,,false
2020-06-17,18339,Wed,,,,false
2020-06-18,18341,Thu,,,,false
2020-06-19,18344,Fri,,,,false
2020-06-20,18345,Sat,,,,false
2020-06-21,18348,Sun,,,,false
2020-06-22,18347,Mon,56,1593228583,1593228644,false
2020-06-23,18349,Tue,50,1593228520,1593228571,false
2020-06-24,18350,Wed,35,1593226011,1593228511,false
2020-06-25,18361,Thu,22,1593225980,1593226003,false
2020-06-26,18362,Fri,46,1593225911,1593225972,false
2020-06-27,18351,Sat,84,1593263723,1593267402,false
2020-06-28,18372,Sun,32,1593620834,1593620866,false
2020-06-29,18373,Mon,23,1593620805,1593620829,false
2020-06-30,18374,Tue,29,1593620770,1593620799,false
2020-07-01,18375,Wed,34,1593620729,1593620764,false
2020-07-02,18376,Thu,23,1593984766,1593984790,false
2020-07-03,18384,Fri,30,1593984796,1593984827,false
2020-07-04,18387,Sat,44,1593984832,1593984877,false
2020-07-05,18418,Sun,27,1594006534,1594006562,false
2020-07-06,18419,Mon,19,1594006568,1594006587,false
2020-07-07,18420,Tue,63,1594090500,1594090564,false
2020-07-08,18421,Wed,22,1594210500,1594210522,false
2020-07-09,18422,Thu,23,1594263464,1594263487,false
2020-07-10,18423,Fri,17,1594351338,1594351355,false
2020-07-11,18436,Sat,85,1594522593,1594522679,false
2020-07-12,18435,Sun,23,1594564341,1594564364,false
2020-07-13,18441,Mon,34,1594606564,1594606621,false
2020-07-14,18442,Tue,27,1594693657,1594693685,false
2020-07-15,18443,Wed,61,1594787972,1594788169,false
2020-07-16,18444,Thu,33,1594870739,1594870772,false
2020-07-17,18445,Fri,29,1594957853,1594957882,false
2020-07-18,18447,Sat,65,1595080818,1595080884,false
2020-07-19,18446,Sun,28,1595127962,1595127990,false
2020-07-20,18457,Mon,13,1595203657,1595203670,false
2020-07-21,18458,Tue,33,1595299989,1595300023,false
2020-07-22,18459,Wed,28,1595385311,1595385339,false
2020-07-23,18460,Thu,26,1595475311,1595475337,false
2020-07-24,18470,Fri,24,1595558795,1595558819,false
2020-07-25,18471,Sat,92,1595684704,1595684796,false
2020-07-26,18472,Sun,30,1595726262,1595726293,false
2020-07-27,18473,Mon,67,1595820118,1595820194,false
2020-07-28,18475,Tue,33,1595908526,1595908559,false
2020-07-29,18474,Wed,42,1596066617,1596066659,false
2020-07-30,18476,Thu,42,1596132599,1596132642,false
2020-07-31,18477,Fri,32,1596167120,1596167152,false
2020-08-01,18488,Sat,60,1596305870,1596305931,false
2020-08-02,18489,Sun,20,1596323893,1596323913,false
2020-08-03,18492,Mon,28,1596412977,1596413006,false
2020-08-04,18493,Tue,32,1596509381,1596509413,false
2020-08-05,18494,Wed,38,1596599666,1596599705,false
2020-08-06,18496,Thu,24,1596725214,1596725238,false
2020-08-07,18495,Fri,45,1596802982,1596803027,false
2020-08-08,18497,Sat,44,1596942030,1596942074,false
2020-08-09,18507,Sun,33,1596988889,1596988923,false
2020-08-10,18517,Mon,34,1597121149,1597121183,false
2020-08-11,18518,Tue,30,1597121188,1597121218,false
2020-08-12,18519,Wed,17,1597207881,1597207898,false
2020-08-13,18520,Thu,29,1597290453,1597290482,false
2020-08-14,18523,Fri,18,1597375459,1597375478,false
2020-08-15,18521,Sat,39,1597466748,1597466788,false
2020-08-16,18524,Sun,23,1597549688,1597549712,false
2020-08-17,18534,Mon,43,1597624720,1597624764,false
2020-08-18,18535,Tue,13,1597724544,1597724558,false
2020-08-19,18536,Wed,22,1597806071,1597806094,false
2020-08-20,18537,Thu,14,1597900808,1597900823,false
2020-08-21,18548,Fri,21,1597987128,1597987149,false
2020-08-22,18550,Sat,48,1598064171,1598064219,false
2020-08-23,18549,Sun,23,1598154927,1598154950,false
2020-08-24,18551,Mon,23,1598240951,1598240975,false
2020-08-25,18552,Tue,26,1598325540,1598325567,false
2020-08-26,18553,Wed,46,1598413553,1598413600,false
2020-08-27,18554,Thu,33,1598502761,1598502794,false
2020-08-28,18555,Fri,22,1598668292,1598668314,false
2020-08-29,18556,Sat,46,1598668319,1598668365,false
2020-08-30,18566,Sun,19,1598743096,1598743115,false
2020-08-31,18567,Mon,36,1598849720,1598849756,false
2020-09-01,18568,Tue,39,1598938552,1598938592,false
2020-09-02,18569,Wed,20,1599017695,1599017716,false
2020-09-03,18570,Thu,23,1599107541,1599107564,false
2020-09-04,18571,Fri,41,1599193812,1599193853,false
2020-09-05,18572,Sat,28,1599353954,1599353983,false
2020-09-06,18582,Sun,33,1599357692,1599357726,false
2020-09-07,18583,Mon,36,1599534427,1599534463,false
2020-09-08,18584,Tue,51,1599534996,1599535048,false
2020-09-09,18585,Wed,20,1599627032,1599627053,false
2020-09-10,18586,Thu,33,1599795260,1599795293,false
2020-09-11,18587,Fri,26,1599796432,1599796458,false
2020-09-12,18588,Sat,44,1599887481,1599887525,false
2020-09-13,18598,Sun,20,1599950886,1599950907,false
2020-09-14,18599,Mon,35,1600057823,1600057858,false
2020-09-15,18600,Tue,47,1600234685,1600234733,false
2020-09-16,18601,Wed,27,1600266082,1600266110,false
2020-09-17,18602,Thu,33,1600309644,1600309678,false
2020-09-18,18612,Fri,45,1600402704,1600402749,false
2020-09-19,18613,Sat,74,1600494238,1600494313,false
2020-09-20,18614,Sun,22,1600573631,1600573653,false
2020-09-21,18615,Mon,29,1600654533,1600654562,false
2020-09-22,18616,Tue,34,1600752267,1600752302,false
2020-09-23,18617,Wed,28,1600838373,1600838402,false
2020-09-24,18618,Thu,28,1600975013,1600975041,false
2020-09-25,18628,Fri,28,1601006012,1601006041,false
2020-09-26,18629,Sat,73,1601099957,1601100030,false
2020-09-27,18630,Sun,46,1601181101,1601181147,false
2020-09-28,18631,Mon,28,1601268592,1601268662,false
2020-09-29,18632,Tue,15,1601382719,1601382735,false
2020-09-30,18633,Wed,20,1601484875,1601484895,false
2020-10-01,18634,Thu,25,1601863889,1601863914,false
2020-10-02,18645,Fri,25,1601863926,1601863951,false
2020-10-03,18646,Sat,58,1601863956,1601864014,false
2020-10-04,18647,Sun,43,1601864018,1601864061,false
2020-10-05,18648,Mon,22,1601864068,1601864090,false
2020-10-06,18649,Tue,30,1602041734,1602041765,false
2020-10-07,18650,Wed,16,1602041770,1602041787,false
2020-10-08,18651,Thu,28,1602170382,1602170410,false
2020-10-09,18652,Fri,38,1602220119,1602220158,false
2020-10-10,18702,Sat,52,1602297902,1602297955,false
2020-10-11,18703,Sun,23,1602463320,1602463343,false
2020-10-12,18704,Mon,32,1602463348,1602463381,false
2020-10-13,18705,Tue,27,1602562013,1602562041,false
2020-10-14,18706,Wed,20,1602687146,1602687167,false
2020-10-15,18707,Thu,26,1602910737,1602910763,false
2020-10-16,18708,Fri,32,1602910772,1602910804,false
2020-10-17,18718,Sat,85,1603099613,1603099699,false
2020-10-18,18719,Sun,25,1603099578,1603099604,false
2020-10-19,18720,Mon,28,1603099543,1603099572,false
2020-10-20,18721,Tue,29,1603161708,1603161738,false
2020-10-21,18722,Wed,26,1603252851,1603252878,false
2020-10-22,18723,Thu,40,1603771290,1603771330,false
2020-10-23,18724,Fri,25,1603771334,1603771359,false
2020-10-24,18735,Sat,45,1603771365,1603771411,false
2020-10-25,18736,Sun,24,1603771416,1603771441,false
2020-10-26,18737,Mon,42,1603771447,1603771489,false
2020-10-27,18738,Tue,65,1603843216,1603843530,false
2020-10-28,18739,Wed,13,1604033173,1604033187,false
2020-10-29,18741,Thu,28,1604033192,1604033221,false
2020-10-30,18740,Fri,24,1604033224,1604033249,false
2020-10-31,18751,Sat,31,1604118543,1604118574,false
2020-11-01,18752,Sun,22,1608769969,1608769992,false
2020-11-02,18753,Mon,19,1608769996,1608770016,false
2020-11-03,18754,Tue,26,1608770020,1608793661,false
2020-11-04,18755,Wed,,,,false
2020-11-05,18756,Thu,,,,false
2020-11-06,18766,Fri,,,,false
2020-11-07,18767,Sat,,,,false
2020-11-08,18768,Sun,,,,false
2020-11-09,18769,Mon,,,,false
2020-11-10,18770,Tue,,,,false
2020-11-11,18771,Wed,,,,false
2020-11-12,18772,Thu,,,,false
2020-11-13,18773,Fri,,,,false
2020-11-14,18783,Sat,,,,false
2020-11-15,18784,Sun,,,,false
2020-11-16,18785,Mon,,,,false
2020-11-17,18786,Tue,,,,false
2020-11-18,18787,Wed,,,,false
2020-11-19,18788,Thu,,,,false
2020-11-20,18796,Fri,,,,false
2020-11-21,18799,Sat,,,,false
2020-11-22,18801,Sun,,,,false
2020-11-23,18802,Mon,,,,false
2020-11-24,18803,Tue,,,,false
2020-11-25,18804,Wed,,,,false
2020-11-26,18805,Thu,,,,false
2020-11-27,18815,Fri,,,,false
2020-11-28,18816,Sat,,,,false
2020-11-29,18817,Sun,,,,false
2020-11-30,18818,Mon,,,,false
2020-12-01,18819,Tue,,,,false
2020-12-02,18821,Wed,,,,false
2020-12-03,18823,Thu,,,,false
2020-12-04,18822,Fri,,,,false
2020-12-05,18820,Sat,,,,false
2020-12-06,18833,Sun,,,,false
2020-12-07,18834,Mon,,,,false
2020-12-08,18835,Tue,,,,false
2020-12-09,18837,Wed,,,,false
2020-12-10,18836,Thu,,,,false
2020-12-11,18847,Fri,,,,false
2020-12-12,18848,Sat,,,,false
2020-12-13,18849,Sun,,,,false
2020-12-14,18850,Mon,,,,false
2020-12-15,18851,Tue,,,,false
2020-12-16,18852,Wed,,,,false
2020-12-17,18853,Thu,,,,false
2020-12-18,18864,Fri,,,,false
2020-12-19,18865,Sat,,,,false
2020-12-20,18867,Sun,,,,false
2020-12-21,18866,Mon,,,,false
2020-12-22,18880,Tue,,,,false
2020-12-23,18878,Wed,,,,false
2020-12-24,18882,Thu,,,,false
2020-12-25,18883,Fri,,,,false
2020-12-26,18879,Sat,,,,false
2020-12-27,18881,Sun,,,,false
2020-12-28,18886,Mon,,,,false
2020-12-29,18887,Tue,,,,false
2020-12-30,18888,Wed,,,,false
2020-12-31,18889,Thu,,,,false
2021-01-01,18890,Fri,,,,false
2021-01-02,18901,Sat,,,,false
2021-01-03,18904,Sun,,,,false
2021-01-04,18905,Mon,,,,false
2021-01-05,18906,Tue,,,,false
2021-01-06,18907,Wed,,,,false
2021-01-07,18908,Thu,,,,false
2021-01-08,18918,Fri,,,,false
2021-01-09,18919,Sat,,,,false
2021-01-10,18920,Sun,,,,false
2021-01-11,18922,Mon,,,,false
2021-01-12,18923,Tue,,,,false
2021-01-13,18924,Wed,,,,false
2021-01-14,18925,Thu,,,,false
2021-01-15,18935,Fri,,,,false
2021-01-16,18936,Sat,,,,false
2021-01-17,18937,Sun,,,,false
2021-01-18,18938,Mon,,,,false
2021-01-19,18939,Tue,,,,false
2021-01-20,18921,Wed,,,,false
2021-01-21,18940,Thu,,,,false
2021-01-22,18941,Fri,,,,false
2021-01-23,18951,Sat,,,,false
2021-01-24,18952,Sun,,,,false
2021-01-25,18953,Mon,,,,false
2021-01-26,18954,Tue,,,,false
2021-01-27,18955,Wed,,,,false
2021-01-28,18956,Thu,,,,false
2021-01-29,18957,Fri,,,,false
2021-01-30,18958,Sat,,,,false
2021-01-31,18969,Sun,,,,false
2021-02-01,18970,Mon,,,,false
2021-02-02,18971,Tue,,,,false
2021-02-03,18973,Wed,,,,false
2021-02-04,18974,Thu,,,,false
2021-02-05,18984,Fri,,,,false
2021-02-06,18986,Sat,,,,false
2021-02-07,18985,Sun,,,,false
2021-02-08,18987,Mon,,,,false
2021-02-09,18988,Tue,,,,false
2021-02-10,18989,Wed,,,,false
2021-02-11,18990,Thu,,,,false
2021-02-12,19000,Fri,,,,false
2021-02-13,19001,Sat,,,,false
2021-02-14,19002,Sun,,,,false
2021-02-15,19003,Mon,,,,false
2021-02-16,19004,Tue,,,,false
2021-02-17,19005,Wed,,,,false
2021-02-18,19006,Thu,,,,false
2021-02-19,19007,Fri,,,,false
2021-02-20,19008,Sat,,,,false
2021-02-21,19019,Sun,31,1613952664,1613952695,false
2021-02-22,19020,Mon,,,,false
2021-02-23,19021,Tue,,,,false
2021-02-24,19022,Wed,45,1614195222,1614218458,false
2021-02-25,19024,Thu,,,,false
2021-02-26,19035,Fri,,,,false
2021-02-27,19036,Sat,,,,false
2021-02-28,19037,Sun,,,,false
2021-03-01,19038,Mon,,,,false
2021-03-02,19039,Tue,,,,false
2021-03-03,19040,Wed,,,,false
2021-03-04,19042,Thu,,,,false
2021-03-05,19053,Fri,,,,false
2021-03-06,19041,Sat,,,,false
2021-03-07,19055,Sun,,,,false
2021-03-08,19056,Mon,,,,false
2021-03-09,19057,Tue,,,,false
2021-03-10,19058,Wed,,,,false
2021-03-11,19059,Thu,,,,false
2021-03-12,19070,Fri,,,,false
2021-03-13,19071,Sat,,,,false
2021-03-14,19072,Sun,,,,false
2021-03-15,19093,Mon,,,,false
2021-03-16,19094,Tue,,,,false
2021-03-17,19096,Wed,,,,false
2021-03-18,19095,Thu,,,,false
2021-03-19,19097,Fri,,,,false
2021-03-20,19098,Sat,,,,false
2021-03-21,19099,Sun,,,,false
2021-03-22,19109,Mon,,,,false
2021-03-23,19110,Tue,,,,false
2021-03-24,19111,Wed,,,,false
2021-03-25,19112,Thu,,,,false
2021-03-26,19113,Fri,,,,false
2021-03-27,19114,Sat,,,,false
2021-03-28,19124,Sun,,,,false
2021-03-29,19125,Mon,,,,false
2021-03-30,19128,Tue,,,,false
2021-03-31,19129,Wed,,,,false
2021-04-01,19131,Thu,,,,false
2021-04-02,19126,Fri,,,,false
2021-04-03,19141,Sat,,,,false
2021-04-04,19142,Sun,,,,false
2021-04-05,19143,Mon,,,,false
2021-04-06,19144,Tue,,,,false
2021-04-07,19145,Wed,,,,false
2021-04-08,19146,Thu,,,,false
2021-04-09,19147,Fri,,,,false
2021-04-10,19160,Sat,,,,false
2021-04-11,19161,Sun,,,,false
2021-04-12,19162,Mon,,,,false
2021-04-13,19163,Tue,,,,false
2021-04-14,19164,Wed,,,,false
2021-04-15,19165,Thu,,,,false
2021-04-16,19166,Fri,,,,false
2021-04-17,19168,Sat,,,,false
2021-04-18,19167,Sun,,,,false
2021-04-19,19169,Mon,,,,false
2021-04-20,19179,Tue,,,,false
2021-04-21,19182,Wed,,,,false
2021-04-22,19183,Thu,,,,false
2021-04-23,19184,Fri,,,,false
2021-04-24,19185,Sat,,,,false
2021-04-25,19193,Sun,,,,false
2021-04-26,19194,Mon,,,,false
2021-04-27,19199,Tue,,,,false
2021-04-28,19200,Wed,,,,false
2021-04-29,19201,Thu,,,,false
2021-04-30,19213,Fri,,,,false
2021-05-01,19195,Sat,,,,false
2021-05-02,19202,Sun,,,,false
2021-05-03,19216,Mon,,,,false
2021-05-04,19217,Tue,,,,false
2021-05-05,19218,Wed,,,,false
2021-05-06,19219,Thu,,,,false
2021-05-07,19220,Fri,,,,false
2021-05-08,19215,Sat,,,,false
2021-05-09,19221,Sun,,,,false
2021-05-10,19222,Mon,,,,false
2021-05-11,19224,Tue,,,,false
2021-05-12,19223,Wed,,,,false
2021-05-13,19235,Thu,,,,false
2021-05-14,19236,Fri,,,,false
2021-05-15,19237,Sat,,,,false
2021-05-16,19248,Sun,,,,false
2021-05-17,19249,Mon,,,,false
2021-05-18,19250,Tue,,,,false
2021-05-19,19251,Wed,,,,false
2021-05-20,19252,Thu,,,,false
2021-05-21,19259,Fri,,,,false
2021-05-22,19264,Sat,,,,false
2021-05-23,19265,Sun,,,,false
2021-05-24,19266,Mon,,,,false
2021-05-25,19267,Tue,,,,false
2021-05-26,19268,Wed,,,,false
2021-05-27,19269,Thu,,,,false
2021-05-28,19280,Fri,,,,false
2021-05-29,19270,Sat,,,,false
2021-05-30,19281,Sun,,,,false
2021-05-31,19282,Mon,,,,false
2021-06-01,19283,Tue,,,,false
2021-06-02,19284,Wed,,,,false
2021-06-03,19285,Thu,,,,false
2021-06-04,19286,Fri,,,,false
2021-06-05,19287,Sat,,,,false
2021-06-06,19288,Sun,,,,false
2021-06-07,19298,Mon,,,,false
2021-06-08,19299,Tue,,,,false
2021-06-09,19300,Wed,,,,false
2021-06-10,19301,Thu,,,,false
2021-06-11,19312,Fri,,,,false
2021-06-12,19313,Sat,,,,false
2021-06-13,19314,Sun,,,,false
2021-06-14,19315,Mon,,,,false
2021-06-15,19318,Tue,,,,false
2021-06-16,19319,Wed,,,,false
2021-06-17,19320,Thu,,,,false
2021-06-18,19321,Fri,,,,false
2021-06-19,19332,Sat,,,,false
2021-06-20,19333,Sun,,,,false
2021-06-21,19334,Mon,,,,false
2021-06-22,19335,Tue,,,,false
2021-06-23,19336,Wed,,,,false
2021-06-24,19337,Thu,,,,false
2021-06-25,19338,Fri,,,,false
2021-06-26,19352,Sat,,,,false
2021-06-27,19351,Sun,,,,false
2021-06-28,19350,Mon,,,,false
2021-06-29,19353,Tue,,,,false
2021-06-30,19354,Wed,,,,false
2021-07-01,19356,Thu,,,,false
2021-07-02,19357,Fri,,,,false
2021-07-03,19355,Sat,,,,false
2021-07-04,19368,Sun,,,,false
2021-07-05,19367,Mon,,,,false
2021-07-06,19369,Tue,,,,false
2021-07-07,19370,Wed,,,,false
2021-07-08,19371,Thu,,,,false
2021-07-09,19372,Fri,,,,false
2021-07-10,19374,Sat,,,,false
2021-07-11,19373,Sun,,,,false
2021-07-12,19375,Mon,,,,false
2021-07-13,19376,Tue,,,,false
2021-07-14,19377,Wed,,,,false
2021-07-15,19378,Thu,,,,false
2021-07-16,19379,Fri,,,,false
2021-07-17,19380,Sat,,,,false
2021-07-18,19390,Sun,,,,false
2021-07-19,19391,Mon,,,,false
2021-07-20,19392,Tue,,,,false
2021-07-21,19402,Wed,,,,false
2021-07-22,19403,Thu,,,,false
2021-07-23,19413,Fri,,,,false
2021-07-24,19415,Sat,,,,false
2021-07-25,19414,Sun,,,,false
2021-07-26,19416,Mon,,,,false
2021-07-27,19417,Tue,,,,false
2021-07-28,19418,Wed,,,,false
2021-07-29,19421,Thu,,,,false
2021-07-30,19432,Fri,,,,false
2021-07-31,19433,Sat,,,,false
2021-08-01,19434,Sun,,,,false
2021-08-02,19435,Mon,,,,false
2021-08-03,19436,Tue,,,,false
2021-08-04,19437,Wed,,,,false
2021-08-05,19438,Thu,,,,false
2021-08-06,19447,Fri,,,,false
2021-08-07,19439,Sat,,,,false
2021-08-08,19450,Sun,,,,false
2021-08-09,19451,Mon,,,,false
2021-08-10,19452,Tue,,,,false
2021-08-11,19453,Wed,,,,false
2021-08-12,19454,Thu,,,,false
2021-08-13,19464,Fri,,,,false
2021-08-14,19465,Sat,,,,false
2021-08-15,19466,Sun,,,,false
2021-08-16,19467,Mon,,,,false
2021-08-17,19468,Tue,,,,false
2021-08-18,19469,Wed,,,,false
2021-08-19,19470,Thu,,,,false
2021-08-20,19471,Fri,,,,false
2021-08-21,19482,Sat,,,,false
2021-08-22,19483,Sun,,,,false
2021-08-23,19489,Mon,,,,false
2021-08-24,19488,Tue,,,,false
2021-08-25,19496,Wed,,,,false
2021-08-26,19497,Thu,,,,false
2021-08-27,19498,Fri,,,,false
2021-08-28,19508,Sat,,,,false
2021-08-29,19511,Sun,,,,false
2021-08-30,19509,Mon,,,,false
2021-08-31,19510,Tue,,,,false
2021-09-01,19513,Wed,,,,false
2021-09-02,19515,Thu,,,,false
2021-09-03,19516,Fri,,,,false
2021-09-04,19527,Sat,,,,false
2021-09-05,19528,Sun,,,,false
2021-09-06,19529,Mon,,,,false
2021-09-07,19530,Tue,,,,false
2021-09-08,19531,Wed,,,,false
2021-09-09,19532,Thu,,,,false
2021-09-10,19533,Fri,,,,false
2021-09-11,19544,Sat,,,,false
2021-09-12,19545,Sun,,,,false
2021-09-13,19546,Mon,,,,false
2021-09-14,19547,Tue,,,,false
2021-09-15,19548,Wed,,,,false
2021-09-16,19549,Thu,,,,false
2021-09-17,19562,Fri,,,,false
2021-09-18,19550,Sat,,,,false
2021-09-19,19563,Sun,,,,false
2021-09-20,19564,Mon,,,,false
2021-09-21,19565,Tue,,,,false
2021-09-22,19566,Wed,,,,false
2021-09-23,19577,Thu,,,,false
2021-09-24,19578,Fri,,,,false
2021-09-25,19579,Sat,,,,false
2021-09-26,19580,Sun,,,,false
2021-09-27,19581,Mon,,,,false
2021-09-28,19582,Tue,,,,false
2021-09-29,19583,Wed,,,,false
2021-09-30,19584,Thu,,,,false
2021-10-01,19585,Fri,,,,false
2021-10-02,19586,Sat,,,,false
2021-10-03,19587,Sun,,,,false
2021-10-04,19599,Mon,,,,false
2021-10-05,19600,Tue,,,,false
2021-10-06,19601,Wed,,,,false
2021-10-07,19611,Thu,,,,false
2021-10-08,19612,Fri,,,,false
2021-10-09,19614,Sat,,,,false
2021-10-10,19613,Sun,,,,false
2021-10-11,19615,Mon,,,,false
2021-10-12,19616,Tue,,,,false
2021-10-13,19617,Wed,,,,false
2021-10-14,19627,Thu,,,,false
2021-10-15,19628,Fri,,,,false
2021-10-16,19629,Sat,,,,false
2021-10-17,19630,Sun,,,,false
2021-10-18,19632,Mon,,,,false
2021-10-19,19631,Tue,,,,false
2021-10-20,19633,Wed,,,,false
2021-10-21,19634,Thu,,,,false
2021-10-22,19642,Fri,,,,false
2021-10-23,19643,Sat,,,,false
2021-10-24,19644,Sun,,,,false
2021-10-25,19646,Mon,,,,false
2021-10-26,19651,Tue,,,,false
2021-10-27,19652,Wed,,,,false
2021-10-28,19653,Thu,,,,false
2021-10-29,19654,Fri,,,,false
2021-10-30,19645,Sat,,,,false
2021-10-31,19665,Sun,,,,false
2021-11-01,19664,Mon,,,,false
2021-11-02,19666,Tue,,,,false
2021-11-03,19667,Wed,,,,false
2021-11-04,19668,Thu,,,,false
2021-11-05,19679,Fri,,,,false
2021-11-06,19669,Sat,,,,false
2021-11-07,19680,Sun,,,,false
2021-11-08,19681,Mon,,,,false
2021-11-09,19682,Tue,,,,false
2021-11-10,19683,Wed,,,,false
2021-11-11,19694,Thu,,,,false
2021-11-12,19695,Fri,,,,false
2021-11-13,19698,Sat,,,,false
2021-11-14,19697,Sun,,,,false
2021-11-15,19700,Mon,,,,false
2021-11-16,19699,Tue,,,,false
2021-11-17,19701,Wed,,,,false
2021-11-18,19702,Thu,,,,false
2021-11-19,19712,Fri,,,,false
2021-11-20,19713,Sat,,,,false
2021-11-21,19714,Sun,,,,false
2021-11-22,19715,Mon,,,,false
2021-11-23,19716,Tue,,,,false
2021-11-24,19718,Wed,,,,false
2021-11-25,19717,Thu,,,,false
2021-11-26,19719,Fri,,,,false
2021-11-27,19729,Sat,,,,false
2021-11-28,19730,Sun,,,,false
2021-11-29,19731,Mon,,,,false
2021-11-30,19732,Tue,,,,false
2021-12-01,19733,Wed,,,,false
2021-12-02,19743,Thu,,,,false
2021-12-03,19744,Fri,,,,false
2021-12-04,19745,Sat,,,,false
2021-12-05,19746,Sun,,,,false
2021-12-06,19748,Mon,,,,false
2021-12-07,19750,Tue,,,,false
2021-12-08,19751,Wed,,,,false
2021-12-09,19752,Thu,,,,false
2021-12-10,19749,Fri,,,,false
2021-12-11,19747,Sat,,,,false
2021-12-12,19760,Sun,,,,false
2021-12-13,19763,Mon,,,,false
2021-12-14,19765,Tue,,,,false
2021-12-15,19764,Wed,,,,false
2021-12-16,19766,Thu,,,,false
2021-12-17,19777,Fri,,,,false
2021-12-18,19776,Sat,,,,false
2021-12-19,19778,Sun,,,,false
2021-12-20,19779,Mon,,,,false
2021-12-21,19781,Tue,,,,false
2021-12-22,19794,Wed,,,,false
2021-12-23,19792,Thu,,,,false
2021-12-24,19780,Fri,,,,false
2021-12-25,19793,Sat,,,,false
2021-12-26,19795,Sun,,,,false
2021-12-27,19796,Mon,,,,false
2021-12-28,19798,Tue,,,,false
2021-12-29,19800,Wed,,,,false
2021-12-30,19799,Thu,,,,false
2021-12-31,19810,Fri,,,,false
2022-01-01,19811,Sat,,,,false
2022-01-02,19801,Sun,,,,false
2022-01-03,19812,Mon,,,,false
2022-01-04,19813,Tue,,,,false
2022-01-05,19814,Wed,,,,false
2022-01-06,19824,Thu,,,,false
2022-01-07,19826,Fri,,,,false
2022-01-08,19825,Sat,,,,false
2022-01-09,19827,Sun,,,,false
2022-01-10,19828,Mon,,,,false
2022-01-11,19829,Tue,,,,false
2022-01-12,19830,Wed,,,,false
2022-01-13,19840,Thu,,,,false
2022-01-14,19841,Fri,,,,false
2022-01-15,19843,Sat,,,,false
2022-01-16,19842,Sun,,,,false
2022-01-17,19845,Mon,,,,false
2022-01-18,19846,Tue,,,,false
2022-01-19,19847,Wed,,,,false
2022-01-20,19848,Thu,,,,false
2022-01-21,19861,Fri,,,,false
2022-01-22,19862,Sat,,,,false
2022-01-23,19864,Sun,,,,false
2022-01-24,19865,Mon,,,,false
2022-01-25,19866,Tue,,,,false
2022-01-26,19867,Wed,,,,false
2022-01-27,19868,Thu,,,,false
2022-01-28,19869,Fri,,,,false
2022-01-29,19879,Sat,,,,false
2022-01-30,19880,Sun,,,,false
2022-01-31,19881,Mon,,,,false
2022-02-01,19883,Tue,,,,false
2022-02-02,19882,Wed,,,,false
2022-02-03,19884,Thu,,,,false
2022-02-04,19885,Fri,,,,false
2022-02-05,19886,Sat,,,,false
2022-02-06,19903,Sun,,,,false
2022-02-07,19904,Mon,,,,false
2022-02-08,19909,Tue,,,,false
2022-02-09,19908,Wed,,,,false
2022-02-10,19910,Thu,,,,false
2022-02-11,19905,Fri,,,,false
2022-02-12,19911,Sat,,,,false
2022-02-13,19907,Sun,,,,false
2022-02-14,19906,Mon,,,,false
2022-02-15,19921,Tue,,,,false
2022-02-16,19922,Wed,,,,false
2022-02-17,19923,Thu,,,,false
2022-02-18,19924,Fri,,,,false
2022-02-19,19925,Sat,,,,false
2022-02-20,19926,Sun,,,,false
2022-02-21,19927,Mon,,,,false
2022-02-22,19928,Tue,,,,false
2022-02-23,19938,Wed,,,,false
2022-02-24,19940,Thu,,,,false
2022-02-25,19941,Fri,,,,false
2022-02-26,19951,Sat,,,,false
2022-02-27,19952,Sun,,,,false
2022-02-28,19953,Mon,,,,false
2022-03-01,19954,Tue,,,,false
2022-03-02,19955,Wed,,,,false
2022-03-03,19956,Thu,,,,false
2022-03-04,19957,Fri,,,,false
2022-03-05,19968,Sat,,,,false
2022-03-06,19967,Sun,,,,false
2022-03-07,19969,Mon,,,,false
2022-03-08,19970,Tue,,,,false
2022-03-09,19971,Wed,,,,false
2022-03-10,19982,Thu,,,,false
2022-03-11,19983,Fri,,,,false
2022-03-12,19985,Sat,,,,false
2022-03-13,19984,Sun,,,,false
2022-03-14,19986,Mon,,,,false
2022-03-15,19987,Tue,,,,false
2022-03-16,19988,Wed,,,,false
2022-03-17,19996,Thu,,,,false
2022-03-18,20000,Fri,,,,false
2022-03-19,19997,Sat,,,,false
2022-03-20,20001,Sun,,,,false
2022-03-21,20003,Mon,,,,false
2022-03-22,20004,Tue,,,,false
2022-03-23,20006,Wed,,,,false
2022-03-24,20007,Thu,,,,false
2022-03-25,20008,Fri,,,,false
2022-03-26,20005,Sat,,,,false
2022-03-27,20002,Sun,,,,false
2022-03-28,20009,Mon,,,,false
2022-03-29,20019,Tue,,,,false
2022-03-30,20020,Wed,,,,false
2022-03-31,20022,Thu,,,,false
2022-04-01,20021,Fri,57,1655060927,1655060985,false
2022-04-02,20023,Sat,41,1655061248,1655061289,false
2022-04-03,20034,Sun,35,1655061295,1655061330,false
2022-04-04,20035,Mon,35,1655061338,1655061373,false
2022-04-05,20036,Tue,39,1655061382,1655061422,false
2022-04-06,20037,Wed,52,1655061430,1655061482,false
2022-04-07,20039,Thu,17,1655061697,1655061715,false
2022-04-08,20049,Fri,26,1655061737,1655061763,false
2022-04-09,20050,Sat,134,1655061768,1655063104,false
2022-04-10,20056,Sun,32,1655063112,1655063144,false
2022-04-11,20058,Mon,38,1655063148,1655063187,false
2022-04-12,20059,Tue,70,1655063206,1655063299,false
2022-04-13,20061,Wed,46,1655063314,1655063361,false
2022-04-14,20060,Thu,44,1655063376,1655063420,false
2022-04-15,20072,Fri,22,1655065509,1655065531,false
2022-04-16,20073,Sat,68,1655065535,1655065603,false
2022-04-17,20076,Sun,32,1655065608,1655065641,false
2022-04-18,20079,Mon,19,1655065645,1655065664,false
2022-04-19,20080,Tue,,,,false
2022-04-20,20081,Wed,,,,false
2022-04-21,20082,Thu,,,,false
2022-04-22,20083,Fri,,,,false
2022-04-23,20093,Sat,,,,false
2022-04-24,20099,Sun,,,,false
2022-04-25,20103,Mon,,,,false
2022-04-26,20104,Tue,,,,false
2022-04-27,20105,Wed,,,,false
2022-04-28,20115,Thu,,,,false
2022-04-29,20118,Fri,,,,false
2022-04-30,20121,Sat,,,,false
2022-05-01,20120,Sun,18,1654439908,1654439926,false
2022-05-02,20119,Mon,28,1654439931,1654439960,false
2022-05-03,20127,Tue,20,1654439963,1654439984,false
2022-05-04,20128,Wed,31,1655058197,1655058228,false
2022-05-05,20147,Thu,24,1655058275,1655058300,false
2022-05-06,20148,Fri,33,1655058600,1655058634,false
2022-05-07,20150,Sat,54,1655058942,1655058996,false
2022-05-08,20149,Sun,60,1655059001,1655059064,false
2022-05-09,20151,Mon,23,1655059072,1655059095,false
2022-05-10,20152,Tue,20,1655059100,1655059120,false
2022-05-11,20153,Wed,26,1655059124,1655059151,false
2022-05-12,20154,Thu,43,1655059156,1655059199,false
2022-05-13,20159,Fri,30,1652439529,1652439560,false
2022-05-14,20155,Sat,51,1655059229,1655059281,false
2022-05-15,20160,Sun,48,1655059389,1655059437,false
2022-05-16,20161,Mon,35,1655059441,1655059477,false
2022-05-17,20170,Tue,36,1655059481,1655059517,false
2022-05-18,20171,Wed,45,1655059522,1655059567,false
2022-05-19,20175,Thu,36,1655059572,1655059609,false
2022-05-20,20176,Fri,46,1655059621,1655059667,false
2022-05-21,20177,Sat,57,1655059674,1655059731,false
2022-05-22,20179,Sun,31,1655059895,1655059927,false
2022-05-23,20180,Mon,21,1655059955,1655059977,false
2022-05-24,20189,Tue,37,1655059987,1655060025,false
2022-05-25,20190,Wed,23,1655060043,1655060066,false
2022-05-26,20191,Thu,24,1655060078,1655060102,false
2022-05-27,20205,Fri,24,1655060113,1655060138,false
2022-05-28,20202,Sat,45,1655060143,1655060189,false
2022-05-29,20204,Sun,17,1654439885,1654439903,false
2022-05-30,20208,Mon,33,1654439847,1654439880,false
2022-05-31,20209,Tue,19,1654439823,1654439843,false
2022-06-01,20211,Wed,21,1654439794,1654439815,false
2022-06-02,20212,Thu,33,1654433474,1654433508,false
2022-06-03,20220,Fri,19,1654433450,1654433470,false
2022-06-04,20210,Sat,40,1654433406,1654433446,false
2022-06-05,20227,Sun,20,1654433381,1654433402,false
2022-06-06,20228,Mon,26,1655060302,1655060328,false
2022-06-07,20229,Tue,26,1655060332,1655060358,false
2022-06-08,20231,Wed,27,1655060365,1655060438,false
2022-06-09,20230,Thu,29,1655060443,1655060473,false
2022-06-10,20240,Fri,23,1655060477,1655060500,false
2022-06-11,20241,Sat,56,1655060504,1655060561,false
2022-06-12,20243,Sun,,,,false
2022-06-13,20244,Mon,,,,false
2022-06-14,20246,Tue,,,,false
2022-06-15,20247,Wed,,,,false
2022-06-16,20255,Thu,,,,false
2022-06-17,20257,Fri,,,,false
2022-06-18,20256,Sat,,,,false
2022-06-19,20248,Sun,,,,false
2022-06-20,20261,Mon,,,,false
2022-06-21,20262,Tue,,,,false
2022-06-22,20260,Wed,,,,false
2022-06-23,20270,Thu,,,,false
2022-06-24,20271,Fri,,,,false
2022-06-25,20272,Sat,,,,false
2022-06-26,20273,Sun,,,,false
2022-06-27,20279,Mon,,,,false
2022-06-28,20280,Tue,,,,false
2022-06-29,20281,Wed,,,,false
2022-06-30,20282,Thu,,,,false
2022-07-01,20283,Fri,,,,false
2022-07-02,20291,Sat,,,,false
2022-07-03,20293,Sun,,,,false
2022-07-04,20294,Mon,,,,false
2022-07-05,20295,Tue,,,,false
2022-07-06,20304,Wed,,,,false
2022-07-07,20305,Thu,,,,false
2022-07-08,20308,Fri,,,,false
2022-07-09,20306,Sat,,,,false
2022-07-10,20307,Sun,,,,false
2022-07-11,20317,Mon,,,,false
2022-07-12,20318,Tue,,,,false
2022-07-13,20325,Wed,,,,false
2022-07-14,20327,Thu,,,,false
2022-07-15,20326,Fri,,,,false
2022-07-16,20316,Sat,,,,false
2022-07-17,20337,Sun,,,,false
2022-07-18,20338,Mon,,,,false
2022-07-19,20339,Tue,,,,false
2022-07-20,20340,Wed,,,,false
2022-07-21,20342,Thu,,,,false
2022-07-22,20345,Fri,,,,false
2022-07-23,20343,Sat,,,,false
2022-07-24,20344,Sun,,,,false
2022-07-25,20350,Mon,,,,false
2022-07-26,20349,Tue,,,,false
2022-07-27,20353,Wed,,,,false
2022-07-28,20355,Thu,,,,false
2022-07-29,20356,Fri,,,,false
2022-07-30,20354,Sat,,,,false
2022-07-31,20359,Sun,,,,false
2022-08-01,20357,Mon,,,,false
2022-08-02,20370,Tue,,,,false
2022-08-03,20371,Wed,,,,false
2022-08-04,20375,Thu,,,,false
2022-08-05,20378,Fri,,,,false
2022-08-06,20379,Sat,,,,false
2022-08-07,20382,Sun,,,,false
2022-08-08,20384,Mon,,,,false
2022-08-09,20388,Tue,,,,false
2022-08-10,20389,Wed,,,,false
2022-08-11,20395,Thu,,,,false
2022-08-12,20397,Fri,,,,false
2022-08-13,20408,Sat,,,,false
2022-08-14,20403,Sun,,,,false
2022-08-15,20413,Mon,,,,false
2022-08-16,20414,Tue,,,,false
2022-08-17,20415,Wed,,,,false
2022-08-18,20426,Thu,,,,false
2022-08-19,20425,Fri,,,,false
2022-08-20,20430,Sat,,,,false
2022-08-21,20445,Sun,,,,false
2022-08-22,20449,Mon,,,,false
2022-08-23,20450,Tue,,,,false
2022-08-24,20451,Wed,,,,false
2022-08-25,20453,Thu,,,,false
2022-08-26,20454,Fri,,,,false
2022-08-27,20458,Sat,,,,false
2022-08-28,20462,Sun,,,,false
2022-08-29,20534,Mon,,,,false
2022-08-30,20535,Tue,,,,false
2022-08-31,20543,Wed,,,,false
2022-09-01,20567,Thu,,,,false
2022-09-02,20569,Fri,,,,false
2022-09-03,20570,Sat,,,,false
2022-09-04,20510,Sun,,,,false
2022-09-05,20508,Mon,,,,false
2022-09-06,20512,Tue,,,,false
2022-09-07,20514,Wed,,,,false
2022-09-08,20522,Thu,,,,false
2022-09-09,20575,Fri,,,,false
2022-09-10,20560,Sat,,,,false
2022-09-11,20592,Sun,,,,false
2022-09-12,20593,Mon,,,,false
2022-09-13,20597,Tue,,,,false
2022-09-14,20599,Wed,,,,false
2022-09-15,20600,Thu,,,,false
2022-09-16,20604,Fri,,,,false
2022-09-17,20605,Sat,,,,false
2022-09-18,20606,Sun,,,,false
2022-09-19,20526,Mon,,,,false
2022-09-20,20504,Tue,,,,false
2022-09-21,20521,Wed,,,,false
2022-09-22,20499,Thu,,,,false
2022-09-23,20505,Fri,,,,false
2022-09-24,20561,Sat,,,,false
2022-09-25,20601,Sun,,,,false
2022-09-26,20422,Mon,,,,false
2022-09-27,20402,Tue,,,,false
2022-09-28,20549,Wed,,,,false
2022-09-29,20576,Thu,,,,false
2022-09-30,20519,Fri,,,,false
2022-10-01,20554,Sat,,,,false
2022-10-02,20500,Sun,,,,false
2022-10-03,20439,Mon,,,,false
2022-10-04,20528,Tue,,,,false
2022-10-05,20546,Wed,,,,false
2022-10-06,20511,Thu,,,,false
2022-10-07,20540,Fri,,,,false
2022-10-08,20532,Sat,,,,false
2022-10-09,20552,Sun,,,,false
2022-10-10,20524,Mon,,,,false
2022-10-11,20421,Tue,,,,false
2022-10-12,20529,Wed,,,,false
2022-10-13,20518,Thu,,,,false
2022-10-14,20537,Fri,,,,false
2022-10-15,20553,Sat,,,,false
2022-10-16,20503,Sun,,,,false
2022-10-17,20429,Mon,,,,false
2022-10-18,20438,Tue,,,,false
2022-10-19,20507,Wed,,,,false
2022-10-20,20551,Thu,,,,false
2022-10-21,20536,Fri,,,,false
2022-10-22,20586,Sat,,,,false
2022-10-23,20441,Sun,,,,false
2022-10-24,20547,Mon,,,,false
2022-10-25,20517,Tue,,,,false
2022-10-26,20533,Wed,,,,false
2022-10-27,20502,Thu,,,,false
2022-10-28,20544,Fri,,,,false
2022-10-29,20427,Sat,,,,false
2022-10-30,20573,Sun,,,,false
2022-10-31,20442,Mon,,,,false
2022-11-01,20548,Tue,,,,false
2022-11-02,20563,Wed,,,,false
2022-11-03,20515,Thu,,,,false
2022-11-04,20562,Fri,,,,false
2022-11-05,20452,Sat,,,,false
2022-11-06,20431,Sun,,,,false
2022-11-07,20558,Mon,,,,false
2022-11-08,20506,Tue,,,,false
2022-11-09,20434,Wed,,,,false
2022-11-10,20649,Thu,,,,false
2022-11-11,20461,Fri,,,,false
2022-11-12,20513,Sat,,,,false
2022-11-13,20555,Sun,,,,false
2022-11-14,20538,Mon,,,,false
2022-11-15,20717,Tue,,,,false
2022-11-16,20417,Wed,,,,false
2022-11-17,20716,Thu,,,,false
2022-11-18,20530,Fri,,,,false
2022-11-19,20577,Sat,,,,false
2022-11-20,20541,Sun,,,,false
2022-11-21,20720,Mon,,,,false
2022-11-22,20418,Tue,,,,false
2022-11-23,20520,Wed,,,,false
2022-11-24,20400,Thu,,,,false
2022-11-25,20650,Fri,,,,false
2022-11-26,20713,Sat,,,,false
2022-11-27,20578,Sun,,,,false
2022-11-28,20501,Mon,,,,false
2022-11-29,20539,Tue,,,,false
2022-11-30,20580,Wed,,,,false
2022-12-01,20523,Thu,,,,false
2022-12-02,20542,Fri,,,,false
2022-12-03,20428,Sat,,,,false
2022-12-04,20581,Sun,,,,false
2022-12-05,20724,Mon,,,,false
2022-12-06,20742,Tue,,,,false
2022-12-07,20579,Wed,,,,false
2022-12-08,20722,Thu,,,,false
2022-12-09,20432,Fri,,,,false
2022-12-10,20712,Sat,,,,false
2022-12-11,20448,Sun,,,,false
2022-12-12,20714,Mon,,,,false
2022-12-13,20751,Tue,,,,false
2022-12-14,20749,Wed,,,,false
2022-12-15,20525,Thu,,,,false
2022-12-16,20719,Fri,,,,false
2022-12-17,20746,Sat,,,,false
2022-12-18,20740,Sun,,,,false
2022-12-19,20710,Mon,,,,false
2022-12-20,20747,Tue,,,,false
2022-12-21,20803,Wed,,,,false
2022-12-22,20721,Thu,,,,false
2022-12-23,20603,Fri,,,,false
2022-12-24,20574,Sat,,,,false
2022-12-25,20419,Sun,,,,false
2022-12-26,20715,Mon,,,,false
2022-12-27,20806,Tue,,,,false
2022-12-28,20748,Wed,,,,false
2022-12-29,20752,Thu,,,,false
2022-12-30,20765,Fri,,,,false
2022-12-31,20791,Sat,,,,false
2023-01-01,20818,Sun,,,,false
2023-01-02,20830,Mon,,,,false
2023-01-03,20711,Tue,,,,false
2023-01-04,20527,Wed,,,,false
2023-01-05,20750,Thu,,,,false
2023-01-06,20816,Fri,,,,false
2023-01-07,20795,Sat,,,,false
2023-01-08,20718,Sun,,,,false
2023-01-09,20805,Mon,,,,false
2023-01-10,20825,Tue,,,,false
2023-01-11,20826,Wed,,,,false
2023-01-12,20832,Thu,,,,false
2023-01-13,20838,Fri,,,,false
2023-01-14,20837,Sat,,,,false
2023-01-15,20516,Sun,,,,false
2023-01-16,20871,Mon,,,,false
2023-01-17,20875,Tue,,,,false
2023-01-18,20872,Wed,,,,false
2023-01-19,20879,Thu,,,,false
2023-01-20,20880,Fri,,,,false
2023-01-21,20877,Sat,,,,false
2023-01-22,20878,Sun,,,,false
2023-01-23,20881,Mon,,,,false
2023-01-24,20886,Tue,,,,false
2023-01-25,20887,Wed,,,,false
2023-01-26,20892,Thu,,,,false
2023-01-27,20897,Fri,,,,false
2023-01-28,20901,Sat,,,,false
2023-01-29,20902,Sun,,,,false
2023-01-30,20910,Mon,,,,false
2023-01-31,20913,Tue,,,,false
2023-02-01,20916,Wed,,,,false
2023-02-02,20917,Thu,,,,false
2023-02-03,20921,Fri,,,,false
2023-02-04,20926,Sat,,,,false
2023-02-05,20924,Sun,,,,false
2023-02-06,20925,Mon,,,,false
2023-02-07,20931,Tue,,,,false
2023-02-08,20932,Wed,,,,false
2023-02-09,20936,Thu,,,,false
2023-02-10,20938,Fri,,,,false
2023-02-11,20941,Sat,,,,false
2023-02-12,20935,Sun,,,,false
2023-02-13,20948,Mon,,,,false
2023-02-14,20950,Tue,,,,false
2023-02-15,20949,Wed,,,,false
2023-02-16,20954,Thu,,,,false
2023-02-17,20958,Fri,,,,false
2023-02-18,20962,Sat,,,,false
2023-02-19,20960,Sun,,,,false
2023-02-20,20965,Mon,,,,false
2023-02-21,20967,Tue,,,,false
2023-02-22,20966,Wed,,,,false
2023-02-23,20969,Thu,,,,false
2023-02-24,20970,Fri,,,,false
2023-02-25,20971,Sat,,,,false
2023-02-26,20979,Sun,,,,false
2023-02-27,20980,Mon,,,,false
2023-02-28,20982,Tue,,,,false
2023-03-01,20968,Wed,24,1682786540,1682786564,false
2023-03-02,20975,Thu,21,1682797439,1682797461,false
2023-03-03,20986,Fri,20,1682797466,1682797486,false
2023-03-04,20988,Sat,53,1682797491,1682797544,false
2023-03-05,20987,Sun,15,1682797549,1682797565,false
2023-03-06,20994,Mon,25,1682797612,1682797638,false
2023-03-07,20995,Tue,,,,false
2023-03-08,20996,Wed,,,,false
2023-03-09,20999,Thu,,,,false
2023-03-10,21000,Fri,,,,false
2023-03-11,21001,Sat,,,,false
2023-03-12,21008,Sun,,,,false
2023-03-13,21007,Mon,,,,false
2023-03-14,21009,Tue,,,,false
2023-03-15,21010,Wed,,,,false
2023-03-16,21015,Thu,,,,false
2023-03-17,21019,Fri,,,,false
2023-03-18,21020,Sat,,,,false
2023-03-19,21022,Sun,,,,false
2023-03-20,21023,Mon,,,,false
2023-03-21,21024,Tue,,,,false
2023-03-22,21025,Wed,,,,false
2023-03-23,21033,Thu,,,,false
2023-03-24,21032,Fri,,,,false
2023-03-25,21038,Sat,,,,false
2023-03-26,21034,Sun,,,,false
2023-03-27,21035,Mon,,,,false
2023-03-28,21039,Tue,,,,false
2023-03-29,21043,Wed,,,,false
2023-03-30,21045,Thu,,,,false
2023-03-31,21044,Fri,,,,false
2023-04-01,21056,Sat,,,,false
2023-04-02,21046,Sun,,,,false
2023-04-03,21047,Mon,,,,false
2023-04-04,21049,Tue,,,,false
2023-04-05,21059,Wed,,,,false
2023-04-06,21050,Thu,,,,false
2023-04-07,21060,Fri,,,,false
2023-04-08,21061,Sat,,,,false
2023-04-09,21062,Sun,,,,false
2023-04-10,21066,Mon,,,,false
2023-04-11,21063,Tue,,,,false
2023-04-12,21074,Wed,,,,false
2023-04-13,21076,Thu,,,,false
2023-04-14,21077,Fri,,,,false
2023-04-15,21070,Sat,,,,false
2023-04-16,21073,Sun,,,,false
2023-04-17,21088,Mon,25,1682797855,1682797881,false
2023-04-18,21087,Tue,23,1682797827,1682797850,false
2023-04-19,21091,Wed,22,1682797799,1682797822,false
2023-04-20,21094,Thu,23,1682797772,1682797795,false
2023-04-21,21095,Fri,29,1682797735,1682797765,false
2023-04-22,21097,Sat,32,1682797697,1682797730,false
2023-04-23,21096,Sun,21,1682797671,1682797692,false
2023-04-24,21098,Mon,19,1682797646,1682797665,false
2023-04-25,21101,Tue,26,1682797575,1682797602,false
2023-04-26,21102,Wed,29,1682554469,1682554499,false
2023-04-27,21106,Thu,24,1682786443,1682786468,false
2023-04-28,21100,Fri,29,1682786408,1682786438,false
2023-04-29,21099,Sat,29,1682786374,1682786404,false
2023-04-30,21107,Sun,36,1682875647,1682875683,false
2023-05-01,21092,Mon,20,1682912912,1682912933,false
2023-05-02,21093,Tue,29,1683076758,1683076787,false
2023-05-03,21109,Wed,19,1683299841,1683299860,false
2023-05-04,21110,Thu,29,1683299800,1683299829,false
2023-05-05,21113,Fri,25,1683299762,1683299788,false
2023-05-06,21112,Sat,50,1683596498,1683596548,false
2023-05-07,21116,Sun,19,1683596554,1683596573,false
2023-05-08,21124,Mon,23,1683833448,1683833472,false
2023-05-09,21123,Tue,17,1683833476,1683833494,false
2023-05-10,21125,Wed,20,1683833499,1683833520,false
2023-05-11,21111,Thu,18,1683833420,1683833439,false
2023-05-12,21132,Fri,,,,false
2023-05-13,21133,Sat,,,,false
2023-05-14,21130,Sun,,,,false
2023-05-15,21134,Mon,,,,false
2023-05-16,21139,Tue,,,,false
2023-05-17,21143,Wed,,,,false
2023-05-18,21149,Thu,,,,false
2023-05-19,21146,Fri,,,,false
2023-05-20,21145,Sat,,,,false
2023-05-21,21144,Sun,,,,false
2023-05-22,21154,Mon,,,,false
2023-05-23,21155,Tue,,,,false
2023-05-24,21162,Wed,,,,false
2023-05-25,21163,Thu,,,,false
2023-05-26,21164,Fri,,,,false
2023-05-27,21157,Sat,,,,false
2023-05-28,21166,Sun,,,,false
2023-05-29,21176,Mon,,,,false
2023-05-30,21177,Tue,,,,false
2023-05-31,21178,Wed,,,,false
2023-06-01,21179,Thu,,,,false
2023-06-02,21180,Fri,,,,false
2023-06-03,21181,Sat,,,,false
2023-06-04,21182,Sun,,,,false
2023-06-05,21191,Mon,,,,false
2023-06-06,21195,Tue,,,,false
2023-06-07,21198,Wed,,,,false
2023-06-08,21197,Thu,,,,false
2023-06-09,21199,Fri,,,,false
2023-06-10,21196,Sat,,,,false
2023-06-11,21200,Sun,,,,false
2023-06-12,21216,Mon,,,,false
2023-06-13,21215,Tue,,,,false
2023-06-14,21214,Wed,,,,false
2023-06-15,21217,Thu,,,,false
2023-06-16,21219,Fri,,,,false
2023-06-17,21218,Sat,,,,false
2023-06-18,21221,Sun,,,,false
2023-06-19,21230,Mon,,,,false
2023-06-20,21231,Tue,,,,false
2023-06-21,21232,Wed,,,,false
2023-06-22,21233,Thu,,,,false
2023-06-23,21235,Fri,,,,false
2023-06-24,21236,Sat,,,,false
2023-06-25,21234,Sun,,,,false
2023-06-26,21251,Mon,,,,false
2023-06-27,21252,Tue,,,,false
2023-06-28,21253,Wed,,,,false
2023-06-29,21254,Thu,,,,false
2023-06-30,21256,Fri,,,,false
2023-07-01,21245,Sat,,,,false
2023-07-02,21255,Sun,,,,false
2023-07-03,21263,Mon,,,,false
2023-07-04,21261,Tue,,,,false
2023-07-05,21262,Wed,,,,false
2023-07-06,21260,Thu,,,,false
2023-07-07,21265,Fri,,,,false
2023-07-08,21266,Sat,,,,false
2023-07-09,21264,Sun,,,,false
2023-07-10,21278,Mon,,,,false
2023-07-11,21279,Tue,,,,false
2023-07-12,21280,Wed,,,,false
2023-07-13,21284,Thu,,,,false
2023-07-14,21282,Fri,,,,false
2023-07-15,21285,Sat,,,,false
2023-07-16,21281,Sun,,,,false
2023-07-17,21288,Mon,,,,false
2023-07-18,21289,Tue,,,,false
2023-07-19,21290,Wed,,,,false
2023-07-20,21291,Thu,,,,false
2023-07-21,21294,Fri,,,,false
2023-07-22,21293,Sat,,,,false
2023-07-23,21295,Sun,,,,false
2023-07-24,21306,Mon,,,,false
2023-07-25,21308,Tue,,,,false
2023-07-26,21310,Wed,,,,false
2023-07-27,21307,Thu,,,,false
2023-07-28,21309,Fri,,,,false
2023-07-29,21305,Sat,,,,false
2023-07-30,21304,Sun,,,,false
2023-07-31,21322,Mon,,,,false
2023-08-01,21321,Tue,,,,false
2023-08-02,21320,Wed,,,,false
2023-08-03,21319,Thu,,,,false
2023-08-04,21324,Fri,,,,false
2023-08-05,21323,Sat,,,,false
2023-08-06,21327,Sun,,,,false
2023-08-07,21336,Mon,,,,false
2023-08-08,21334,Tue,,,,false
2023-08-09,21337,Wed,,,,false
2023-08-10,21338,Thu,,,,false
2023-08-11,21335,Fri,,,,false
2023-08-12,21339,Sat,,,,false
2023-08-13,21340,Sun,,,,false
2023-08-14,21348,Mon,,,,false
2023-08-15,21349,Tue,,,,false
2023-08-16,21350,Wed,,,,false
2023-08-17,21360,Thu,,,,false
2023-08-18,21361,Fri,,,,false
2023-08-19,21365,Sat,,,,false
2023-08-20,21362,Sun,,,,false
2023-08-21,21370,Mon,,,,false
2023-08-22,21371,Tue,,,,false
2023-08-23,21372,Wed,,,,false
2023-08-24,21373,Thu,,,,false
2023-08-25,21377,Fri,,,,false
2023-08-26,21378,Sat,,,,false
2023-08-27,21375,Sun,,,,false
2023-08-28,21390,Mon,,,,false
2023-08-29,21391,Tue,,,,false
2023-08-30,21351,Wed,,,,false
2023-08-31,21393,Thu,,,,false
2023-09-01,21392,Fri,,,,false
2023-09-02,21394,Sat,,,,false
2023-09-03,21395,Sun,,,,false
2023-09-04,21409,Mon,,,,false
2023-09-05,21400,Tue,,,,false
2023-09-06,21403,Wed,,,,false
2023-09-07,21401,Thu,,,,false
2023-09-08,21407,Fri,,,,false
2023-09-09,21404,Sat,,,,false
2023-09-10,21408,Sun,,,,false
2023-09-11,21410,Mon,,,,false
2023-09-12,21415,Tue,,,,false
2023-09-13,21416,Wed,,,,false
2023-09-14,21417,Thu,,,,false
2023-09-15,21419,Fri,,,,false
2023-09-16,21421,Sat,,,,false
2023-09-17,21420,Sun,,,,false
2023-09-18,21441,Mon,,,,false
2023-09-19,21439,Tue,,,,false
2023-09-20,21438,Wed,,,,false
2023-09-21,21442,Thu,,,,false
2023-09-22,21440,Fri,,,,false
2023-09-23,21444,Sat,,,,false
2023-09-24,21443,Sun,,,,false
2023-09-25,21450,Mon,,,,false
2023-09-26,21461,Tue,,,,false
2023-09-27,21458,Wed,,,,false
2023-09-28,21460,Thu,,,,false
2023-09-29,21462,Fri,,,,false
2023-09-30,21457,Sat,,,,false
2023-10-01,21459,Sun,,,,false
2023-10-02,21468,Mon,,,,false
2023-10-03,21469,Tue,,,,false
2023-10-04,21470,Wed,,,,false
2023-10-05,21471,Thu,,,,false
2023-10-06,21474,Fri,,,,false
2023-10-07,21472,Sat,,,,false
2023-10-08,21473,Sun,,,,false
2023-10-09,21484,Mon,,,,false
2023-10-10,21482,Tue,,,,false
2023-10-11,21486,Wed,,,,false
2023-10-12,21487,Thu,,,,false
2023-10-13,21485,Fri,,,,false
2023-10-14,21483,Sat,,,,false
2023-10-15,21488,Sun,,,,false
2023-10-16,21494,Mon,,,,false
2023-10-17,21495,Tue,,,,false
2023-10-18,21496,Wed,,,,false
2023-10-19,21497,Thu,,,,false
2023-10-20,21498,Fri,,,,false
2023-10-21,21499,Sat,,,,false
2023-10-22,21500,Sun,,,,false
2023-10-23,21503,Mon,,,,false
2023-10-24,21510,Tue,,,,false
2023-10-25,21511,Wed,,,,false
2023-10-26,21514,Thu,,,,false
2023-10-27,21513,Fri,,,,false
2023-10-28,21501,Sat,,,,false
2023-10-29,21502,Sun,,,,false
2023-10-30,21521,Mon,,,,false
2023-10-31,21466,Tue,,,,false
2023-11-01,21519,Wed,,,,false
2023-11-02,21516,Thu,,,,false
2023-11-03,21520,Fri,,,,false
2023-11-04,21522,Sat,,,,false
2023-11-05,21523,Sun,,,,false
2023-11-06,21530,Mon,,,,false
2023-11-07,21531,Tue,,,,false
2023-11-08,21532,Wed,,,,false
2023-11-09,21533,Thu,,,,false
2023-11-10,21534,Fri,,,,false
2023-11-11,21535,Sat,,,,false
2023-11-12,21536,Sun,,,,false
2023-11-13,21554,Mon,,,,false
2023-11-14,21555,Tue,,,,false
2023-11-15,21553,Wed,,,,false
2023-11-16,21556,Thu,,,,false
2023-11-17,21559,Fri,,,,false
2023-11-18,21537,Sat,,,,false
2023-11-19,21558,Sun,,,,false
2023-11-20,21580,Mon,,,,false
2023-11-21,21581,Tue,,,,false
2023-11-22,21586,Wed,,,,false
2023-11-23,21583,Thu,,,,false
2023-11-24,21585,Fri,,,,false
2023-11-25,21584,Sat,,,,false
2023-11-26,21582,Sun,,,,false
2023-11-27,21590,Mon,,,,false
2023-11-28,21589,Tue,,,,false
2023-11-29,21591,Wed,,,,false
2023-11-30,21594,Thu,,,,false
2023-12-01,21587,Fri,,,,false
2023-12-02,21593,Sat,,,,false
2023-12-03,21595,Sun,,,,false
2023-12-04,21597,Mon,,,,false
2023-12-05,21598,Tue,,,,false
2023-12-06,21599,Wed,,,,false
2023-12-07,21600,Thu,,,,false
2023-12-08,21601,Fri,,,,false
2023-12-09,21602,Sat,,,,false
2023-12-10,21603,Sun,,,,false
2023-12-11,21612,Mon,,,,false
2023-12-12,21618,Tue,,,,false
2023-12-13,21621,Wed,,,,false
2023-12-14,21624,Thu,,,,false
2023-12-15,21616,Fri,,,,false
2023-12-16,21617,Sat,,,,false
2023-12-17,21619,Sun,,,,false
2023-12-18,21630,Mon,,,,false
2023-12-19,21631,Tue,,,,false
2023-12-20,21632,Wed,,,,false
2023-12-21,21633,Thu,,,,false
2023-12-22,21635,Fri,,,,false
2023-12-23,21636,Sat,,,,false
2023-12-24,21634,Sun,,,,false
2023-12-25,21646,Mon,,,,false
2023-12-26,21640,Tue,,,,false
2023-12-27,21642,Wed,,,,false
2023-12-28,21643,Thu,,,,false
2023-12-29,21641,Fri,,,,false
2023-12-30,21651,Sat,,,,false
2023-12-31,21652,Sun,,,,false
2024-01-01,21644,Mon,,,,false
2024-01-02,21650,Tue,,,,false
2024-01-03,21653,Wed,,,,false
2024-01-04,21663,Thu,,,,false
2024-01-05,21664,Fri,,,,false
2024-01-06,21666,Sat,,,,false
2024-01-07,21665,Sun,,,,false
2024-01-08,21671,Mon,,,,false
2024-01-09,21676,Tue,,,,false
2024-01-10,21672,Wed,,,,false
2024-01-11,21677,Thu,,,,false
2024-01-12,21680,Fri,,,,false
2024-01-13,21675,Sat,,,,false
2024-01-14,21681,Sun,,,,false
2024-01-15,21692,Mon,,,,false
2024-01-16,21695,Tue,,,,false
2024-01-17,21693,Wed,,,,false
2024-01-18,21696,Thu,,,,false
2024-01-19,21697,Fri,,,,false
2024-01-20,21694,Sat,,,,false
2024-01-21,21691,Sun,,,,false
2024-01-22,21707,Mon,,,,false
2024-01-23,21702,Tue,,,,false
2024-01-24,21708,Wed,,,,false
2024-01-25,21703,Thu,,,,false
2024-01-26,21706,Fri,,,,false
2024-01-27,21705,Sat,,,,false
2024-01-28,21709,Sun,,,,false
2024-01-29,21724,Mon,,,,false
2024-01-30,21728,Tue,,,,false
2024-01-31,21722,Wed,,,,false
2024-02-01,21721,Thu,,,,false
2024-02-02,21723,Fri,,,,false
2024-02-03,21730,Sat,,,,false
2024-02-04,21731,Sun,,,,false
2024-02-05,21746,Mon,,,,false
2024-02-06,21752,Tue,,,,false
2024-02-07,21745,Wed,,,,false
2024-02-08,21734,Thu,,,,false
2024-02-09,21753,Fri,,,,false
2024-02-10,21737,Sat,,,,false
2024-02-11,21756,Sun,,,,false
2024-02-12,21735,Mon,,,,false
2024-02-13,21741,Tue,,,,false
2024-02-14,21742,Wed,,,,false
2024-02-15,21760,Thu,,,,false
2024-02-16,21761,Fri,,,,false
2024-02-17,21744,Sat,,,,false
2024-02-18,21762,Sun,,,,false
2024-02-19,21772,Mon,,,,false
2024-02-20,21764,Tue,,,,false
2024-02-21,21773,Wed,,,,false
2024-02-22,21778,Thu,,,,false
2024-02-23,21780,Fri,,,,false
2024-02-24,21774,Sat,,,,false
2024-02-25,21781,Sun,,,,false
2024-02-26,21782,Mon,,,,false
2024-02-27,21784,Tue,,,,false
2024-02-28,21786,Wed,,,,false
2024-02-29,21793,Thu,,,,false
2024-03-01,21785,Fri,,,,false
2024-03-02,21794,Sat,,,,false
2024-03-03,21783,Sun,,,,false
2024-03-04,21806,Mon,,,,false
2024-03-05,21807,Tue,,,,false
2024-03-06,21808,Wed,,,,false
2024-03-07,21809,Thu,,,,false
2024-03-08,21810,Fri,,,,false
2024-03-09,21803,Sat,,,,false
2024-03-10,21818,Sun,,,,false
2024-03-11,21824,Mon,52,1710182645,1710182698,false
2024-03-12,21822,Tue,,,,false
2024-03-13,21823,Wed,,,,false
2024-03-14,21825,Thu,,,,false
2024-03-15,21826,Fri,,,,false
2024-03-16,21827,Sat,,,,false
2024-03-17,21828,Sun,,,,false
2024-03-18,21832,Mon,,,,false
2024-03-19,21833,Tue,,,,false
2024-03-20,21834,Wed,,,,false
2024-03-21,21838,Thu,,,,false
2024-03-22,21839,Fri,,,,false
2024-03-23,21835,Sat,,,,false
2024-03-24,21840,Sun,,,,false
2024-03-25,21849,Mon,,,,false
2024-03-26,21852,Tue,,,,false
2024-03-27,21850,Wed,,,,false
2024-03-28,21851,Thu,,,,false
2024-03-29,21864,Fri,,,,false
2024-03-30,21863,Sat,,,,false
2024-03-31,21853,Sun,,,,false
2024-04-01,21879,Mon,,,,false
2024-04-02,21883,Tue,,,,false
2024-04-03,21875,Wed,,,,false
2024-04-04,21876,Thu,,,,false
2024-04-05,21877,Fri,,,,false
2024-04-06,21878,Sat,,,,false
2024-04-07,21888,Sun,,,,false
2024-04-08,21870,Mon,,,,false
2024-04-09,21890,Tue,,,,false
2024-04-10,21867,Wed,,,,false
2024-04-11,21866,Thu,,,,false
2024-04-12,21869,Fri,,,,false
2024-04-13,21881,Sat,,,,false
2024-04-14,21882,Sun,,,,false
2024-04-15,21909,Mon,,,,false
2024-04-16,21908,Tue,,,,false
2024-04-17,21911,Wed,,,,false
2024-04-18,21912,Thu,,,,false
2024-04-19,21910,Fri,,,,false
2024-04-20,21914,Sat,,,,false
2024-04-21,21913,Sun,,,,false
2024-04-22,21899,Mon,,,,false
2024-04-23,21900,Tue,,,,false
2024-04-24,21901,Wed,,,,false
2024-04-25,21904,Thu,,,,false
2024-04-26,21905,Fri,,,,false
2024-04-27,21915,Sat,,,,false
2024-04-28,21907,Sun,,,,false
2024-04-29,21923,Mon,,,,false
2024-04-30,21926,Tue,,,,false
2024-05-01,21932,Wed,,,,false
2024-05-02,21936,Thu,,,,false
2024-05-03,21938,Fri,,,,false
2024-05-04,21933,Sat,,,,false
2024-05-05,21935,Sun,,,,false
2024-05-06,21947,Mon,,,,false
2024-05-07,21945,Tue,,,,false
2024-05-08,21944,Wed,,,,false
2024-05-09,21958,Thu,,,,false
2024-05-10,21942,Fri,,,,false
2024-05-11,21946,Sat,29,1715428793,1715428823,false
2024-05-12,21957,Sun,,,,false
2024-05-13,21966,Mon,,,,false
2024-05-14,21967,Tue,,,,false
2024-05-15,21968,Wed,,,,false
2024-05-16,21969,Thu,,,,false
2024-05-17,21970,Fri,,,,false
2024-05-18,21971,Sat,,,,false
2024-05-19,21972,Sun,,,,false
2024-05-20,21982,Mon,,,,false
2024-05-21,21994,Tue,26,1716258651,1716258678,false
2024-05-22,21984,Wed,,,,false
2024-05-23,21983,Thu,22,1716471523,1716471545,false
2024-05-24,21985,Fri,39,1716558622,1716558661,false
2024-05-25,21993,Sat,56,1716603980,1716604036,false
2024-05-26,21987,Sun,,,,false
2024-05-27,21989,Mon,,,,false
2024-05-28,21988,Tue,28,1716947696,1716947725,false
2024-05-29,21990,Wed,,,,false
2024-05-30,22007,Thu,,,,false
2024-05-31,22009,Fri,,,,false
2024-06-01,22008,Sat,,,,false
2024-06-02,22010,Sun,,,,false
2024-06-03,22019,Mon,,,,false
2024-06-04,22024,Tue,,,,false
2024-06-05,22021,Wed,,,,false
2024-06-06,22022,Thu,,,,false
2024-06-07,22023,Fri,,,,false
2024-06-08,22025,Sat,,,,false
2024-06-09,22020,Sun,,,,false
2024-06-10,22037,Mon,,,,false
2024-06-11,22040,Tue,,,,false
2024-06-12,22039,Wed,,,,false
2024-06-13,22038,Thu,,,,false
2024-06-14,22036,Fri,,,,false
2024-06-15,22034,Sat,,,,false
2024-06-16,22035,Sun,,,,false
2024-06-17,22068,Mon,,,,false
2024-06-18,22067,Tue,,,,false
2024-06-19,22066,Wed,14,1719206177,1719206192,false
2024-06-20,22065,Thu,34,1719206132,1719206167,false
2024-06-21,22063,Fri,27,1719206097,1719206125,false
2024-06-22,22062,Sat,41,1719206047,1719206089,false
2024-06-23,22070,Sun,25,1719206013,1719206039,false
2024-06-24,22075,Mon,33,1719205971,1719206005,false
2024-06-25,22078,Tue,,,,false
2024-06-26,22080,Wed,,,,false
2024-06-27,22079,Thu,,,,false
2024-06-28,22076,Fri,,,,false
2024-06-29,22082,Sat,,,,false
2024-06-30,22081,Sun,,,,false
2024-07-01,22055,Mon,,,,false
2024-07-02,22052,Tue,,,,false
2024-07-03,22056,Wed,,,,false
2024-07-04,22054,Thu,,,,false
2024-07-05,22053,Fri,22,1720229677,1720229700,false
2024-07-06,22057,Sat,,,,false
2024-07-07,22051,Sun,,,,false
2024-07-08,22099,Mon,,,,false
2024-07-09,22103,Tue,,,,false
2024-07-10,22107,Wed,,,,false
2024-07-11,22104,Thu,,,,false
2024-07-12,22108,Fri,,,,false
2024-07-13,22100,Sat,,,,false
2024-07-14,22106,Sun,,,,false
2024-07-15,22123,Mon,,,,false
2024-07-16,22124,Tue,,,,false
2024-07-17,22121,Wed,,,,false
2024-07-18,22128,Thu,21,1721330192,1721330213,false
2024-07-19,22126,Fri,,,,false
2024-07-20,22127,Sat,,,,false
2024-07-21,22125,Sun,,,,false
2024-07-22,22136,Mon,,,,false
2024-07-23,22140,Tue,,,,false
2024-07-24,22150,Wed,,,,false
2024-07-25,22142,Thu,,,,false
2024-07-26,22141,Fri,,,,false
2024-07-27,22135,Sat,,,,false
2024-07-28,22151,Sun,,,,false
2024-07-29,22143,Mon,,,,false
2024-07-30,22145,Tue,,,,false
2024-07-31,22147,Wed,,,,false
2024-08-01,22149,Thu,,,,false
2024-08-02,22148,Fri,,,,false
2024-08-03,22146,Sat,,,,false
2024-08-04,22144,Sun,,,,false
2024-08-05,22164,Mon,,,,false
2024-08-06,22165,Tue,,,,false
2024-08-07,22166,Wed,,,,false
2024-08-08,22168,Thu,,,,false
2024-08-09,22167,Fri,,,,false
2024-08-10,22171,Sat,,,,false
2024-08-11,22169,Sun,,,,false
2024-08-12,22190,Mon,19,1723426795,1723426815,false
2024-08-13,22191,Tue,,,,false
2024-08-14,22192,Wed,15,1723616341,1723616356,false
2024-08-15,22195,Thu,109,1724033241,1724033352,false
2024-08-16,22194,Fri,41,1724033193,1724033234,false
2024-08-17,22196,Sat,53,1723914968,1723915022,false
2024-08-18,22188,Sun,27,1724033156,1724033183,false
2024-08-19,22212,Mon,23,1724033127,1724033150,false
2024-08-20,22214,Tue,,,,false
2024-08-21,22189,Wed,,,,false
2024-08-22,22193,Thu,,,,false
2024-08-23,22213,Fri,,,,false
2024-08-24,22187,Sat,,,,false
2024-08-25,22215,Sun,,,,false
2024-08-26,22204,Mon,,,,false
2024-08-27,22205,Tue,23,1724725399,1724725423,false
2024-08-28,22210,Wed,25,1724875960,1724875986,false
2024-08-29,22216,Thu,,,,false
2024-08-30,22218,Fri,,,,false
2024-08-31,22221,Sat,,,,false
2024-09-01,22222,Sun,33,1725197432,1725250859,false
2024-09-02,22228,Mon,,,,false
2024-09-03,22229,Tue,,,,false
2024-09-04,22230,Wed,17,1726104664,1726104681,false
2024-09-05,22232,Thu,21,1725504120,1725504142,false
2024-09-06,22233,Fri,27,1725589449,1725589477,false
2024-09-07,22234,Sat,50,1725817579,1725817630,false
2024-09-08,22231,Sun,19,1725817553,1725817572,false
2024-09-09,22181,Mon,24,1725901072,1725901097,false
2024-09-10,22180,Tue,35,1725947252,1725947287,false
2024-09-11,22179,Wed,47,1726033172,1726033219,false
2024-09-12,22178,Thu,22,1726146793,1726146815,false
2024-09-13,22177,Fri,18,1726225779,1726225797,false
2024-09-14,22175,Sat,40,1726482403,1726482443,false
2024-09-15,22176,Sun,14,1726423137,1726423151,false
2024-09-16,22259,Mon,18,1726456910,1726456929,false
2024-09-17,22263,Tue,30,1726553466,1726553496,false
2024-09-18,22262,Wed,19,1726630402,1726630422,false
2024-09-19,22258,Thu,30,1726828562,1726828608,false
2024-09-20,22261,Fri,12,1726828616,1726828628,false
2024-09-21,22264,Sat,50,1726895462,1726895512,false
2024-09-22,22260,Sun,25,1726999639,1726999664,false
2024-09-23,22272,Mon,20,1727060867,1727060888,false
2024-09-24,22266,Tue,21,1727173201,1727178679,false
2024-09-25,22269,Wed,,,,false
2024-09-26,22270,Thu,35,1727382027,1727382062,false
2024-09-27,22271,Fri,32,1727403660,1727403693,false
2024-09-28,22268,Sat,58,1727517233,1727517291,false
2024-09-29,22267,Sun,62,1727589415,1727589477,false
2024-09-30,22277,Mon,21,1727664491,1727664512,false
2024-10-01,22278,Tue,19,1727814270,1727814289,false
2024-10-02,22279,Wed,34,1727864354,1727864388,false
2024-10-03,22280,Thu,,,,false
2024-10-04,22282,Fri,,,,false
2024-10-05,22281,Sat,55,1728136760,1728136815,false
2024-10-06,22283,Sun,55,1728181961,1728182016,false
2024-10-07,22311,Mon,28,1728348771,1728348799,false
2024-10-08,22312,Tue,,,,false
2024-10-09,22335,Wed,24,1728500869,1728500893,false
2024-10-10,22314,Thu,27,1728557749,1728557777,false
2024-10-11,22325,Fri,26,1728622219,1728622246,false
2024-10-12,22326,Sat,48,1728730798,1728730890,false
2024-10-13,22313,Sun,48,1728798705,1728798753,false
2024-10-14,22355,Mon,39,1728878068,1728878108,false
2024-10-15,22346,Tue,19,1729022027,1729022047,false
2024-10-16,22359,Wed,40,1729065651,1729065692,false
2024-10-17,22358,Thu,27,1729191170,1729191198,false
2024-10-18,22357,Fri,33,1729413927,1729413960,false
2024-10-19,22353,Sat,57,1729413864,1729413921,false
2024-10-20,22360,Sun,16,1729413839,1729413855,false
2024-10-21,22365,Mon,26,1729508246,1729508272,false
2024-10-22,22363,Tue,25,1729566791,1729566816,false
2024-10-23,22369,Wed,24,1729668694,1729668719,false
2024-10-24,22364,Thu,30,1729743472,1729743503,false
2024-10-25,22367,Fri,22,1729855863,1729855885,false
2024-10-26,22366,Sat,46,1729918036,1729918082,false
2024-10-27,22381,Sun,26,1730002914,1730002940,false
2024-10-28,22386,Mon,25,1730087178,1730087203,false
2024-10-29,22387,Tue,31,1730192973,1730193005,false
2024-10-30,22389,Wed,16,1730284765,1730284782,false
2024-10-31,22385,Thu,23,1730348196,1730348220,false
2024-11-01,22388,Fri,37,1730491250,1730491288,false
2024-11-02,22408,Sat,26,1731762423,1731762449,false
2024-11-03,22390,Sun,35,1730670455,1730670694,false
2024-11-04,22418,Mon,21,1730706084,1730706105,false
2024-11-05,22419,Tue,21,1730872002,1730872024,false
2024-11-06,22420,Wed,20,1731762456,1731762477,false
2024-11-07,22421,Thu,16,1731762482,1731762498,false
2024-11-08,22422,Fri,38,1731762503,1731762542,false
2024-11-09,22423,Sat,75,1731762548,1731762623,false
2024-11-10,22425,Sun,22,1731762629,1731762651,false
2024-11-11,22448,Mon,23,1731762656,1731762679,false
2024-11-12,22449,Tue,23,1731779464,1731779504,false
2024-11-13,22450,Wed,28,1731779510,1731779539,false
2024-11-14,22451,Thu,26,1731779549,1731779575,false
2024-11-15,22452,Fri,44,1731779593,1731779638,false
2024-11-16,22453,Sat,49,1731779645,1731817285,false
2024-11-17,22454,Sun,19,1731846256,1731846276,false
2024-11-18,22465,Mon,14,1732366216,1732366230,false
2024-11-19,22462,Tue,37,1731991907,1731991945,false
2024-11-20,22467,Wed,21,1732366237,1732366258,false
2024-11-21,22469,Thu,21,1732169453,1732169474,false
2024-11-22,22466,Fri,15,1732366266,1732366282,false
2024-11-23,22468,Sat,49,1732366287,1732366337,false
2024-11-24,22463,Sun,16,1732441109,1732441126,false
2024-11-25,22491,Mon,42,1732550970,1732551013,false
2024-11-26,22490,Tue,34,1732591036,1732591071,false
2024-11-27,22489,Wed,,,,false
2024-11-28,22488,Thu,28,1732779323,1732779352,false
2024-11-29,22487,Fri,24,1732857077,1732857101,false
2024-11-30,22485,Sat,48,1732968990,1732969038,false
2024-12-01,22486,Sun,21,1733197942,1733197963,false
2024-12-02,22495,Mon,28,1733197968,1733197996,false
2024-12-03,22496,Tue,31,1733198001,1733198033,false
2024-12-04,22497,Wed,25,1733286044,1733286070,false
2024-12-05,22500,Thu,35,1733397255,1733397291,false
2024-12-06,22498,Fri,28,1733480577,1733480605,false
2024-12-07,22499,Sat,73,1733546264,1733546338,false
2024-12-08,22501,Sun,,,,false
2024-12-09,22477,Mon,23,1733797990,1733798013,false
2024-12-10,22478,Tue,32,1733828946,1733828979,false
2024-12-11,22479,Wed,,,,false
2024-12-12,22480,Thu,27,1734001940,1734001968,false
2024-12-13,22481,Fri,22,1734118590,1734118613,false
2024-12-14,22482,Sat,79,1734156899,1734156978,false
2024-12-15,22483,Sun,28,1734319946,1734319975,false
2024-12-16,22506,Mon,21,1734512050,1734512072,false
2024-12-17,22505,Tue,19,1734512078,1734512098,false
2024-12-18,22503,Wed,28,1734512112,1734512140,false
2024-12-19,22504,Thu,18,1734662838,1734662857,false
2024-12-20,22508,Fri,28,1734686301,1734686329,false
2024-12-21,22502,Sat,34,1734780559,1734780594,false
2024-12-22,22507,Sun,20,1734867817,1734867838,false
2024-12-23,22512,Mon,19,1734931976,1734931996,false
2024-12-24,22514,Tue,28,1735018217,1735018246,false
2024-12-25,22513,Wed,14,1735127212,1735127226,false
2024-12-26,22515,Thu,42,1735196052,1735196094,false
2024-12-27,22516,Fri,21,1735275911,1735275933,false
2024-12-28,22519,Sat,45,1735386556,1735386601,false
2024-12-29,22517,Sun,22,1735443178,1735443200,false
2024-12-30,22529,Mon,30,1735526930,1735526961,false
2024-12-31,22530,Tue,29,1735677302,1735677332,false
2025-01-01,22531,Wed,30,1735729828,1735729859,false
2025-01-02,22533,Thu,13,1735790700,1735790713,false
2025-01-03,22534,Fri,26,1735881010,1735881044,false
2025-01-04,22535,Sat,65,1735971092,1735971157,false
2025-01-05,22536,Sun,31,1736068859,1736068891,false
2025-01-06,22522,Mon,29,1736136484,1736136513,false
2025-01-07,22523,Tue,31,1736238164,1736238196,false
2025-01-08,22524,Wed,,,,false
2025-01-09,22525,Thu,29,1736405332,1736405361,false
2025-01-10,22526,Fri,36,1736498987,1736499024,false
2025-01-11,22527,Sat,51,1736592694,1736592745,false
2025-01-12,22532,Sun,25,1736668021,1736668046,false
2025-01-13,22543,Mon,25,1736745078,1736745105,false
2025-01-14,22538,Tue,27,1736853915,1736853943,false
2025-01-15,22544,Wed,26,1736929431,1736929457,false
2025-01-16,22540,Thu,38,1737023903,1737023941,false
2025-01-17,22539,Fri,27,1737161372,1737161399,false
2025-01-18,22541,Sat,,,,false
2025-01-19,22542,Sun,,,,false
2025-01-20,22579,Mon,37,1737372483,1737372521,false
2025-01-21,22584,Tue,37,1737508406,1737508458,false
2025-01-22,22585,Wed,,,,false
2025-01-23,22581,Thu,26,1737610303,1737610330,false
2025-01-24,22583,Fri,41,1737717432,1737717473,false
2025-01-25,22580,Sat,50,1737805686,1737805736,false
2025-01-26,22582,Sun,22,1737860695,1737860717,false
2025-01-27,22570,Mon,,,,false
2025-01-28,22574,Tue,27,1738059021,1738059048,false
2025-01-29,22572,Wed,27,1738120160,1738120187,false
2025-01-30,22575,Thu,,,,false
2025-01-31,22576,Fri,,,,false
2025-02-01,22573,Sat,56,1738379352,1738379408,false
2025-02-02,22626,Sun,27,1738494822,1738494849,false
2025-02-03,22608,Mon,22,1738646969,1738646992,false
2025-02-04,22610,Tue,17,1738647000,1738647017,false
2025-02-05,22609,Wed,49,1738740668,1738740718,false
2025-02-06,22611,Thu,18,1738858499,1738858517,false
2025-02-07,22612,Fri,27,1738918229,1738918257,false
2025-02-08,22613,Sat,43,1739764769,1739764813,false
2025-02-09,22640,Sun,19,1739075534,1739075554,false
2025-02-10,22598,Mon,23,1739764819,1739764843,false
2025-02-11,22619,Tue,16,1739764851,1739764871,false
2025-02-12,22644,Wed,18,1739407451,1739407470,false
2025-02-13,22615,Thu,28,1739536383,1739536412,false
2025-02-14,22634,Fri,20,1739536423,1739538482,false
2025-02-15,22635,Sat,45,1739642309,1739642355,false
2025-02-16,22642,Sun,36,1739697101,1739697138,false
2025-02-17,22655,Mon,43,1739765135,1739765179,false
2025-02-18,22656,Tue,31,1739869788,1739869820,false
2025-02-19,22599,Wed,28,1739952697,1739952725,false
2025-02-20,22616,Thu,37,1740115153,1740115191,false
2025-02-21,22657,Fri,40,1740115106,1740115147,false
2025-02-22,22630,Sat,58,1740220757,1740220816,false
2025-02-23,22660,Sun,17,1740297316,1740297334,false
2025-02-24,22659,Mon,30,1740387475,1740387506,false
2025-02-25,22596,Tue,25,1740476195,1740476220,false
2025-02-26,22662,Wed,35,1740563580,1740563615,false
2025-02-27,22639,Thu,29,1740645355,1740645385,false
2025-02-28,22667,Fri,21,1740731844,1740731866,false
2025-03-01,22665,Sat,62,1740819194,1740819257,false
2025-03-02,22629,Sun,34,1740917761,1740917795,false
2025-03-03,22668,Mon,34,1740978437,1740978471,false
2025-03-04,22618,Tue,35,1741068084,1741068119,false
2025-03-05,22658,Wed,32,1741155850,1741155882,false
2025-03-06,22684,Thu,19,1741261109,1741261129,false
2025-03-07,22638,Fri,31,1741370989,1741371020,false
2025-03-08,22680,Sat,64,1741429292,1741429357,false
2025-03-09,22621,Sun,21,1752930214,1752930236,false
2025-03-10,22686,Mon,19,1741631149,1741631168,false
2025-03-11,22683,Tue,39,1741671743,1741671782,false
2025-03-12,22666,Wed,34,1741756306,1741756340,false
2025-03-13,22637,Thu,32,1741847116,1741847149,false
2025-03-14,22694,Fri,45,1741925391,1741925437,false
2025-03-15,22620,Sat,43,1742014495,1742014538,false
2025-03-16,22682,Sun,32,1742101188,1742101220,false
2025-03-17,22702,Mon,21,1742212293,1742212314,false
2025-03-18,22706,Tue,23,1742268389,1742268416,false
2025-03-19,22701,Wed,19,1742365583,1742365603,false
2025-03-20,22707,Thu,31,1742457303,1742457334,false
2025-03-21,22685,Fri,42,1742531370,1742531413,false
2025-03-22,22710,Sat,53,1742635364,1742635417,false
2025-03-23,22617,Sun,31,1742712682,1742712714,false
2025-03-24,22723,Mon,28,1742782858,1742782887,false
2025-03-25,22728,Tue,40,1742871857,1742871898,false
2025-03-26,22734,Wed,50,1742965948,1742965998,false
2025-03-27,22713,Thu,38,1752930242,1752930281,false
2025-03-28,22722,Fri,31,1743152394,1743152426,false
2025-03-29,22714,Sat,57,1743235381,1743235438,false
2025-03-30,22735,Sun,17,1743316062,1743316080,false
2025-03-31,22729,Mon,40,1743407578,1743407619,false
2025-04-01,22633,Tue,23,1743488749,1743488772,false
2025-04-02,22755,Wed,19,1743602065,1743602084,false
2025-04-03,22751,Thu,31,1743670449,1743670480,false
2025-04-04,22730,Fri,31,1743735191,1743735223,false
2025-04-05,22754,Sat,45,1752930288,1752930334,false
2025-04-06,22720,Sun,24,1743900889,1743900913,false
2025-04-07,22712,Mon,39,1743992471,1743992510,false
2025-04-08,22765,Tue,20,1744107437,1744107458,false
2025-04-09,22719,Wed,27,1744173385,1744173412,false
2025-04-10,22731,Thu,37,1744274051,1744274088,false
2025-04-11,22717,Fri,41,1744350582,1744350624,false
2025-04-12,22767,Sat,56,1744448639,1744448695,false
2025-04-13,22759,Sun,22,1752930340,1752930363,false
2025-04-14,22778,Mon,17,1744672991,1744673009,false
2025-04-15,22782,Tue,22,1753183024,1753183046,false
2025-04-16,22771,Wed,22,1753183054,1753183077,false
2025-04-17,22715,Thu,37,1744886357,1744886394,false
2025-04-18,22783,Fri,14,1745015792,1745015807,false
2025-04-19,22779,Sat,50,1745057584,1745057635,false
2025-04-20,22718,Sun,23,1745167834,1745167858,false
2025-04-21,22791,Mon,21,1745198881,1745198908,false
2025-04-22,22769,Tue,21,1745294904,1745294926,false
2025-04-23,22721,Wed,24,1745405723,1745405748,false
2025-04-24,22784,Thu,31,1745477667,1745477699,false
2025-04-25,22785,Fri,28,1745551357,1745551385,false
2025-04-26,22792,Sat,57,1753183082,1753183140,false
2025-04-27,22716,Sun,41,1745710547,1745710589,false
2025-04-28,22793,Mon,27,1745847076,1745847213,false
2025-04-29,22803,Tue,25,1745913555,1745913580,false
2025-04-30,22802,Wed,17,1746018661,1746018678,false
2025-05-01,22786,Thu,25,1746105389,1746105414,false
2025-05-02,22787,Fri,22,1746190969,1746190991,false
2025-05-03,22770,Sat,63,1746329510,1746329574,false
2025-05-04,22790,Sun,30,1746387300,1746387331,false
2025-05-05,22804,Mon,35,1746456450,1747064671,false
2025-05-06,22818,Tue,33,1746509318,1746509351,false
2025-05-07,22800,Wed,38,1746761342,1746761381,false
2025-05-08,20853,Thu,38,1746761392,1746761430,false
2025-05-09,22822,Fri,21,1746761438,1746761460,false
2025-05-10,22826,Sat,81,1746854354,1746854435,false
2025-05-11,22843,Sun,19,1746914799,1746914818,false
2025-05-12,22833,Mon,25,1747002436,1747002461,false
2025-05-13,22807,Tue,14,1747166795,1747166810,false
2025-05-14,22844,Wed,24,1747188101,1747188152,false
2025-05-15,22817,Thu,19,1747298100,1747298119,false
2025-05-16,22839,Fri,43,1747365079,1747365123,false
2025-05-17,22829,Sat,35,1747475723,1747475759,false
2025-05-18,22799,Sun,26,1747618957,1747618983,false
2025-05-19,22854,Mon,28,1747618918,1747618946,false
2025-05-20,22805,Tue,31,1747706683,1747707108,false
2025-05-21,22851,Wed,34,1747869526,1747869561,false
2025-05-22,22857,Thu,21,1747937448,1747937469,false
2025-05-23,22827,Fri,47,1747971442,1747974645,false
2025-05-24,22776,Sat,42,1753183146,1753183189,false
2025-05-25,22858,Sun,21,1748144512,1748144534,false
2025-05-26,22863,Mon,15,1748860524,1748860539,false
2025-05-27,22873,Tue,19,1748361337,1748361357,false
2025-05-28,22865,Wed,18,1748439108,1748439127,false
2025-05-29,22801,Thu,26,1748562408,1748562434,false
2025-05-30,22875,Fri,29,1748626565,1748626595,false
2025-05-31,22788,Sat,52,1748734737,1748734790,false
2025-06-01,22876,Sun,23,1748734797,1748734820,false
2025-06-02,22866,Mon,12,1748860495,1748860508,false
2025-06-03,22877,Tue,21,1748934896,1748934918,false
2025-06-04,22878,Wed,18,1749075667,1749075686,false
2025-06-05,22831,Thu,19,1749123803,1749123823,false
2025-06-06,22811,Fri,22,1749228578,1749228601,false
2025-06-07,22907,Sat,54,1749451088,1749451143,false
2025-06-08,22879,Sun,24,1749398776,1749398801,false
2025-06-09,22891,Mon,56,1749451151,1749451207,false
2025-06-10,22888,Tue,33,1749521496,1749521529,false
2025-06-11,22830,Wed,22,1749781175,1749781198,false
2025-06-12,22900,Thu,18,1749781203,1749781222,false
2025-06-13,22908,Fri,20,1749781228,1749781249,false
2025-06-14,22856,Sat,71,1749982890,1749982961,false
2025-06-15,22916,Sun,31,1750073786,1750073818,false
2025-06-16,22899,Mon,28,1750073823,1750073852,false
2025-06-17,22864,Tue,23,1750264110,1750264134,false
2025-06-18,22920,Wed,28,1750264143,1750264171,false
2025-06-19,22921,Thu,20,1750322573,1750322593,false
2025-06-20,22874,Fri,29,1750402181,1750402210,false
2025-06-21,22919,Sat,45,1750500667,1750589730,false
2025-06-22,22868,Sun,35,1750589735,1750589771,false
2025-06-23,22938,Mon,70,1750733126,1750733196,false
2025-06-24,22918,Tue,34,1750733296,1750733330,false
2025-06-25,22824,Wed,43,1750829467,1750829510,false
2025-06-26,22890,Thu,22,1750938060,1750938083,false
2025-06-27,22940,Fri,20,1750998616,1750998637,false
2025-06-28,22867,Sat,54,1751087692,1751087747,false
2025-06-29,22825,Sun,33,1751440348,1751440381,false
2025-06-30,22943,Mon,30,1751440388,1751440418,false
2025-07-01,22915,Tue,37,1751440425,1751440463,false
2025-07-02,22944,Wed,44,1751440471,1751440516,false
2025-07-03,22950,Thu,18,1751578058,1751578077,false
2025-07-04,22941,Fri,34,1752108256,1752108290,false
2025-07-05,22958,Sat,66,1752108300,1752108366,false
2025-07-06,22942,Sun,54,1752108374,1752108429,false
2025-07-07,22962,Mon,27,1752108440,1752108468,false
2025-07-08,22960,Tue,28,1752108476,1752108505,false
2025-07-09,22966,Wed,22,1752034604,1752034626,false
2025-07-10,22968,Thu,29,1752148548,1752148577,false
2025-07-11,22961,Fri,20,1752206844,1752206864,false
2025-07-12,22937,Sat,44,1753183309,1753183353,false
2025-07-13,22973,Sun,33,1753183359,1753183392,false
2025-07-14,22955,Mon,23,1753191258,1753191281,false
2025-07-15,22975,Tue,15,1753268795,1753268810,false
2025-07-16,22917,Wed,23,1753268815,1753268839,false
2025-07-17,22980,Thu,15,1753268843,1753268858,false
2025-07-18,22976,Fri,37,1753268863,1753268900,false
2025-07-19,20851,Sat,56,1753305482,1753305538,false
2025-07-20,22959,Sun,20,1753305544,1753305565,false
2025-07-21,22978,Mon,31,1753097019,1753305602,false
2025-07-22,22964,Tue,20,1753163492,1753163512,false
2025-07-23,22974,Wed,28,1753305614,1753305642,false
2025-07-24,22988,Thu,16,1753356658,1753356675,false
2025-07-25,22977,Fri,29,1753436027,1753436057,false
2025-07-26,23008,Sat,71,1770172884,1770172955,false
2025-07-27,23007,Sun,14,1770172973,1770172988,false
2025-07-28,22998,Mon,46,1754338253,1754338299,false
2025-07-29,22989,Tue,31,1754338315,1754338346,false
2025-07-30,23012,Wed,29,1754338356,1754338385,false
2025-07-31,22963,Thu,30,1754338394,1754338424,false
2025-08-01,23017,Fri,39,1754338436,1754338475,false
2025-08-02,22957,Sat,53,1754338482,1754338536,false
2025-08-03,23018,Sun,28,1754338544,1754338572,false
2025-08-04,23019,Mon,29,1754338579,1754338608,false
2025-08-05,22971,Tue,25,1770172996,1770173021,false
2025-08-06,23016,Wed,27,1770173030,1770173057,false
2025-08-07,23041,Thu,20,1770173065,1770173085,false
2025-08-08,23045,Fri,37,1770173092,1770173129,false
2025-08-09,23009,Sat,59,1770173137,1770173197,false
2025-08-10,23046,Sun,17,1771206282,1771206299,false
2025-08-11,23004,Mon,28,1771206308,1771206336,false
2025-08-12,23047,Tue,21,1771206344,1771206366,false
2025-08-13,23044,Wed,20,1771206377,1771206397,false
2025-08-14,23070,Thu,27,1771206403,1771206430,false
2025-08-15,23071,Fri,25,1771206437,1771206462,false
2025-08-16,23014,Sat,75,1771206468,1771206544,false
2025-08-17,23020,Sun,23,1771206552,1771206575,false
2025-08-18,23075,Mon,25,1755541038,1771206622,false
2025-08-19,23080,Tue,19,1771206628,1771206647,false
2025-08-20,23105,Wed,21,1771206654,1771206676,false
2025-08-21,23106,Thu,24,1771206684,1771206709,false
2025-08-22,22766,Fri,54,1771206715,1771206769,false
2025-08-23,23107,Sat,70,1771206781,1771206852,false
2025-08-24,22969,Sun,26,1771206858,1771206885,false
2025-08-25,23124,Mon,17,1771206891,1771206909,false
2025-08-26,23104,Tue,36,1771206915,1771206951,false
2025-08-27,23091,Wed,28,1771206958,1771206986,false
2025-08-28,23073,Thu,22,1771206994,1771207016,false
2025-08-29,23078,Fri,25,1771207022,1771207047,false
2025-08-30,23111,Sat,46,1771207052,1771207099,false
2025-08-31,23043,Sun,21,1771207105,1771207127,false
2025-09-01,23125,Mon,22,1778632399,1778632421,false
2025-09-02,23112,Tue,28,1778632428,1778632458,false
2025-09-03,23108,Wed,20,1778632465,1778632485,false
2025-09-04,23126,Thu,16,1778632492,1778632508,false
2025-09-05,23081,Fri,46,1778632520,1778632566,false
2025-09-06,23131,Sat,31,1778632578,1778632609,false
2025-09-07,23074,Sun,10,1778632616,1778632627,false
2025-09-08,23110,Mon,12,1778632634,1778632647,false
2025-09-09,23141,Tue,33,1778632655,1778814190,false
2025-09-10,23093,Wed,23,1778814200,1778814224,false
2025-09-11,23144,Thu,36,1778814231,1778814268,false
2025-09-12,23136,Fri,28,1778814274,1778814302,false
2025-09-13,23155,Sat,49,1778814310,1778814360,false
2025-09-14,23145,Sun,13,1779850850,1779850863,false
2025-09-15,23148,Mon,24,1779850870,1779850895,false
2025-09-16,23150,Tue,30,1779850912,1779850942,false
2025-09-17,23169,Wed,24,1780162712,1780162737,false
2025-09-18,23092,Thu,22,1780162746,1780162768,false
2025-09-19,23109,Fri,21,1780162776,1780162798,false
2025-09-20,23154,Sat,44,1780162804,1780162849,false
2025-09-21,23170,Sun,13,1780285848,1780285861,false
2025-09-22,23151,Mon,17,1780285867,1780285885,false
2025-09-23,23094,Tue,17,1780285890,1780285908,false
2025-09-24,23156,Wed,30,1780285913,1780285944,false
2025-09-25,23193,Thu,,,,false
2025-09-26,23194,Fri,,,,false
2025-09-27,23206,Sat,,,,false
2025-09-28,23157,Sun,,,,false
2025-09-29,23160,Mon,,,,false
2025-09-30,23184,Tue,,,,false
2025-10-01,23215,Wed,33,1771471777,1771561796,false
2025-10-02,23152,Thu,24,1771562010,1771562034,false
2025-10-03,23217,Fri,18,1771562046,1771562064,false
2025-10-04,23195,Sat,44,1772161192,1772161237,false
2025-10-05,23205,Sun,23,1772161243,1772161267,false
2025-10-06,23149,Mon,39,1778291344,1778291384,false
2025-10-07,23218,Tue,27,1778291393,1778291421,false
2025-10-08,23171,Wed,28,1778291427,1778291455,false
2025-10-09,23226,Thu,21,1778291462,1778291483,false
2025-10-10,23196,Fri,44,1778432425,1778432469,false
2025-10-11,23234,Sat,35,1778432476,1778432511,false
2025-10-12,23135,Sun,16,1778432518,1778432535,false
2025-10-13,23230,Mon,27,1778432541,1778432569,false
2025-10-14,23231,Tue,40,1778432576,1778432617,false
2025-10-15,23185,Wed,27,1778432624,1778432652,false
2025-10-16,23237,Thu,21,1778432657,1778432678,false
2025-10-17,23238,Fri,26,1778432684,1778432711,false
2025-10-18,22996,Sat,38,1778432719,1778432757,false
2025-10-19,23257,Sun,54,1778612173,1778612228,false
2025-10-20,23262,Mon,33,1778612238,1778612389,false
2025-10-21,23259,Tue,40,1778612491,1778612532,false
2025-10-22,23263,Wed,17,1778632022,1778632040,false
2025-10-23,23252,Thu,18,1778632049,1778632068,false
2025-10-24,23266,Fri,21,1778632075,1778632097,false
2025-10-25,23235,Sat,39,1778632103,1778632143,false
2025-10-26,23281,Sun,24,1778632153,1778632224,false
2025-10-27,23287,Mon,34,1778632234,1778632269,false
2025-10-28,23282,Tue,26,1778632276,1778632302,false
2025-10-29,23258,Wed,25,1778632308,1778632334,false
2025-10-30,23280,Thu,18,1778632341,1778632359,false
2025-10-31,23236,Fri,23,1778632365,1778632389,false
2025-11-01,23286,Sat,82,1771377886,1771377969,false
2025-11-02,23271,Sun,16,1771377977,1771377994,false
2025-11-03,23292,Mon,32,1771378000,1771378033,false
2025-11-04,23296,Tue,23,1771378040,1771378063,false
2025-11-05,23256,Wed,16,1771378070,1771378086,false
2025-11-06,23284,Thu,22,1771378093,1771378116,false
2025-11-07,23272,Fri,10,1771378124,1771378134,false
2025-11-08,23297,Sat,39,1771378141,1771378181,false
2025-11-09,23173,Sun,36,1771378187,1771378224,false
2025-11-10,23283,Mon,26,1771378232,1771378259,false
2025-11-11,23325,Tue,14,1771378273,1771378288,false
2025-11-12,23254,Wed,36,1771378295,1771378332,false
2025-11-13,23327,Thu,22,1771378338,1771378360,false
2025-11-14,23269,Fri,35,1771378367,1771378402,false
2025-11-15,23294,Sat,45,1771378409,1771378455,false
2025-11-16,23326,Sun,23,1771442428,1771442452,false
2025-11-17,23368,Mon,28,1771442459,1771442488,false
2025-11-18,23364,Tue,22,1771442497,1771442520,false
2025-11-19,23406,Wed,22,1771442527,1771442550,false
2025-11-20,23369,Thu,17,1771442587,1771442604,false
2025-11-21,23376,Fri,14,1771442609,1771442624,false
2025-11-22,23299,Sat,47,1771442629,1771442677,false
2025-11-23,23381,Sun,29,1771469445,1771469674,false
2025-11-24,23404,Mon,19,1771471501,1771471520,false
2025-11-25,23402,Tue,21,1771471526,1771471548,false
2025-11-26,23267,Wed,39,1771471557,1771471596,false
2025-11-27,23260,Thu,60,1771471601,1771471662,false
2025-11-28,23261,Fri,28,1771471667,1771471695,false
2025-11-29,23298,Sat,40,1771471701,1771471741,false
2025-11-30,23408,Sun,17,1771471746,1771471764,false
2025-12-01,23414,Mon,15,1771215213,1771215228,false
2025-12-02,23442,Tue,36,1771215235,1771215271,false
2025-12-03,23441,Wed,15,1771215279,1771215294,false
2025-12-04,23412,Thu,18,1771215299,1771215318,false
2025-12-05,23410,Fri,19,1764976832,1764976851,false
2025-12-06,23415,Sat,45,1771215327,1771215373,false
2025-12-07,23443,Sun,23,1771215379,1771215402,false
2025-12-08,23409,Mon,41,1771215409,1771215451,false
2025-12-09,23453,Tue,38,1771215457,1771215495,false
2025-12-10,23403,Wed,29,1771215502,1771215532,false
2025-12-11,23413,Thu,22,1771215538,1771215560,false
2025-12-12,23454,Fri,14,1771215566,1771215580,false
2025-12-13,23295,Sat,100,1771215586,1771363283,false
2025-12-14,23417,Sun,17,1771363289,1771363306,false
2025-12-15,23475,Mon,21,1771363312,1771363333,false
2025-12-16,23477,Tue,25,1771363339,1771363364,false
2025-12-17,23190,Wed,20,1771363369,1771363389,false
2025-12-18,23480,Thu,22,1771363395,1771363418,false
2025-12-19,23379,Fri,20,1771376234,1771376255,false
2025-12-20,23517,Sat,43,1771376262,1771376305,false
2025-12-21,23411,Sun,26,1771376311,1771376337,false
2025-12-22,23407,Mon,20,1771376342,1771376362,false
2025-12-23,23518,Tue,22,1771376367,1771376389,false
2025-12-24,23519,Wed,25,1771376402,1771376429,false
2025-12-25,23401,Thu,15,1771376440,1771376456,false
2025-12-26,23521,Fri,18,1771376576,1771376595,false
2025-12-27,23543,Sat,46,1771376601,1771376648,false
2025-12-28,23488,Sun,17,1771376654,1771376671,false
2025-12-29,23541,Mon,27,1771376678,1771376706,false
2025-12-30,23520,Tue,20,1771376711,1771376731,false
2025-12-31,23542,Wed,13,1771376736,1771376750,false
2026-01-01,23486,Thu,32,1771213998,1771214031,false
2026-01-02,23487,Fri,20,1771213972,1771213992,false
2026-01-03,23544,Sat,52,1767431957,1767432009,false
2026-01-04,23545,Sun,24,1771214039,1771214064,false
2026-01-05,23547,Mon,17,1771214069,1771214087,false
2026-01-06,22994,Tue,33,1771214093,1771214127,false
2026-01-07,22995,Wed,36,1767785193,1767785229,false
2026-01-08,22991,Thu,21,1771214132,1771214154,false
2026-01-09,22992,Fri,18,1771214159,1771214178,false
2026-01-10,22993,Sat,60,1771214185,1771214245,false
2026-01-11,23620,Sun,20,1768189468,1768189489,false
2026-01-12,23522,Mon,10,1771214251,1771214262,false
2026-01-13,23623,Tue,21,1771214267,1771214288,false
2026-01-14,23288,Wed,34,1771214297,1771214332,false
2026-01-15,23626,Thu,15,1771214340,1771214356,false
2026-01-16,23627,Fri,35,1771214362,1771214397,false
2026-01-17,23625,Sat,44,1771214402,1771214446,false
2026-01-18,23622,Sun,36,1771214452,1771214488,false
2026-01-19,23650,Mon,20,1771214493,1771214513,false
2026-01-20,23490,Tue,27,1771214519,1771214547,false
2026-01-21,23633,Wed,20,1771214552,1771214572,false
2026-01-22,23665,Thu,21,1771214578,1771214599,false
2026-01-23,23285,Fri,17,1771214604,1771214622,false
2026-01-24,23670,Sat,63,1771214627,1771214691,false
2026-01-25,23630,Sun,,1771214696,1771214764,true
2026-01-26,23647,Mon,26,1771214772,1771214798,false
2026-01-27,23679,Tue,17,1771214804,1771214821,false
2026-01-28,23405,Wed,23,1771214827,1771214850,false
2026-01-29,23680,Thu,20,1771214855,1771214876,false
2026-01-30,23684,Fri,23,1771214881,1771214904,false
2026-01-31,23482,Sat,48,1771215088,1771215137,false
2026-02-01,23629,Sun,22,1769972098,1769972125,false
2026-02-02,23681,Mon,27,1771207139,1771207166,false
2026-02-03,23701,Tue,21,1770092562,1770092584,false
2026-02-04,23694,Wed,42,1770269081,1770269123,false
2026-02-05,23703,Thu,33,1770269132,1770269165,false
2026-02-06,23700,Fri,13,1770402027,1770402041,false
2026-02-07,23706,Sat,37,1770501844,1770501890,false
2026-02-08,23697,Sun,19,1770571680,1770571699,false
2026-02-09,23698,Mon,34,1770604947,1770604982,false
2026-02-10,23735,Tue,29,1770700291,1770700321,false
2026-02-11,23685,Wed,26,1770864075,1770864101,false
2026-02-12,23739,Thu,32,1771206211,1771206243,false
2026-02-13,23745,Fri,22,1771031983,1771032006,false
2026-02-14,23734,Sat,39,1771206160,1771206199,false
2026-02-15,23737,Sun,29,1771206113,1771206142,false
2026-02-16,23748,Mon,24,1771206081,1771206106,false
2026-02-17,23705,Tue,26,1771303214,1771303240,false
2026-02-18,23726,Wed,22,1771422172,1771422195,false
2026-02-19,23687,Thu,19,1771471468,1771471488,false
2026-02-20,23771,Fri,21,1771561751,1771561772,false
2026-02-21,23773,Sat,69,1771653764,1771653834,false
2026-02-22,23738,Sun,19,1771741891,1771741911,false
2026-02-23,23774,Mon,19,1771812863,1771812885,false
2026-02-24,23523,Tue,59,1771906873,1771906932,false
2026-02-25,23742,Wed,29,1772070112,1772070142,false
2026-02-26,23775,Thu,20,1772139345,1772139365,false
2026-02-27,23785,Fri,30,1772192693,1772192724,false
2026-02-28,23683,Sat,51,1772252400,1772252452,false
2026-03-01,23786,Sun,25,1772328875,1772328900,false
2026-03-02,23793,Mon,27,1772451588,1772451615,false
2026-03-03,23806,Tue,26,1772510298,1772510325,false
2026-03-04,23790,Wed,21,1772684465,1772684486,false
2026-03-05,23809,Thu,48,1772739179,1772739252,false
2026-03-06,23791,Fri,19,1772819340,1772819360,false
2026-03-07,23826,Sat,44,1772854546,1772854590,false
2026-03-08,23816,Sun,28,1772937769,1772937798,false
2026-03-09,23820,Mon,36,1773100588,1773100625,false
2026-03-10,23788,Tue,28,1773156231,1773156260,false
2026-03-11,23810,Wed,24,1773196293,1773196317,false
2026-03-12,23741,Thu,13,1773335968,1773335981,false
2026-03-13,23843,Fri,41,1773445800,1773445841,false
2026-03-14,23844,Sat,38,1773456459,1773456497,false
2026-03-15,23848,Sun,18,1773531916,1773531934,false
2026-03-16,23845,Mon,27,1773631544,1773631571,false
2026-03-17,23850,Tue,21,1773715505,1773715526,false
2026-03-18,23908,Wed,30,1773810776,1773810807,false
2026-03-19,23866,Thu,20,1773888734,1773888755,false
2026-03-20,23812,Fri,30,1773975733,1773975763,false
2026-03-21,23796,Sat,52,1774060775,1774060827,false
2026-03-22,23867,Sun,23,1774146323,1774146347,false
2026-03-23,23886,Mon,17,1774220101,1774220119,false
2026-03-24,23860,Tue,10,1774322650,1774322661,false
2026-03-25,23865,Wed,21,1774445746,1774445767,false
2026-03-26,23868,Thu,9,1774495480,1774495489,false
2026-03-27,23887,Fri,19,1774648444,1774648463,false
2026-03-28,23811,Sat,47,1774663442,1774663489,false
2026-03-29,23877,Sun,22,1774748297,1774748320,false
2026-03-30,23883,Mon,27,1774836831,1774836859,false
2026-03-31,23912,Tue,24,1774923474,1774923499,false
2026-04-01,23813,Wed,31,1775077469,1775077500,false
2026-04-02,23880,Thu,30,1775157955,1775157985,false
2026-04-03,23913,Fri,18,1775271681,1775271700,false
2026-04-04,23753,Sat,44,1775271861,1775271905,false
2026-04-05,23872,Sun,11,1775344042,1775344053,false
2026-04-06,23878,Mon,17,1775445705,1775445722,false
2026-04-07,23909,Tue,20,1775533679,1775533699,false
2026-04-08,23914,Wed,21,1775697206,1775697233,false
2026-04-09,23905,Thu,28,1775707337,1775707365,false
2026-04-10,23933,Fri,19,1775842921,1775842941,false
2026-04-11,23932,Sat,41,1775925076,1775925125,false
2026-04-12,23870,Sun,47,1775952054,1775952498,false
2026-04-13,23936,Mon,26,1776037123,1776037150,false
2026-04-14,23934,Tue,20,1776219607,1776219628,false
2026-04-15,23879,Wed,25,1776226068,1776226094,false
2026-04-16,23954,Thu,19,1776309438,1776309457,false
2026-04-17,23955,Fri,16,1776448478,1776448494,false
2026-04-18,23939,Sat,54,1776557327,1776557381,false
2026-04-19,23686,Sun,19,1776558273,1776558292,false
2026-04-20,23965,Mon,25,1776659026,1776659051,false
2026-04-21,23964,Tue,20,1776740056,1776740077,false
2026-04-22,23862,Wed,26,1776825355,1776825386,false
2026-04-23,23982,Thu,19,1776947072,1776947092,false
2026-04-24,23969,Fri,26,1777045487,1777045514,false
2026-04-25,23971,Sat,59,1777164479,1777164538,false
2026-04-26,23966,Sun,25,1777204251,1777204276,false
2026-04-27,23702,Mon,23,1777256542,1777256565,false
2026-04-28,23957,Tue,20,1777386867,1777386889,false
2026-04-29,23967,Wed,21,1777445800,1777445821,false
2026-04-30,23935,Thu,22,1777516575,1777516597,false
2026-05-01,23960,Fri,12,1777602385,1777602397,false
2026-05-02,23979,Sat,33,1777766066,1777766100,false
2026-05-03,23958,Sun,13,1777771150,1777771163,false
2026-05-04,23973,Mon,27,1777855093,1777855121,false
2026-05-05,23985,Tue,26,1777960096,1777960123,false
2026-05-06,24002,Wed,35,1778033336,1778033371,false
2026-05-07,23998,Thu,17,1778153801,1778153819,false
2026-05-08,23977,Fri,20,1778257209,1778257229,false
2026-05-09,23851,Sat,37,1778335486,1778335524,false
2026-05-10,23983,Sun,35,1778382510,1778382545,false
2026-05-11,23871,Mon,33,1778466680,1778466926,false
2026-05-12,24001,Tue,24,1778551707,1778551731,false
2026-05-13,24004,Wed,23,1778678091,1778678115,false
2026-05-14,24038,Thu,31,1778729336,1778729367,false
2026-05-15,24040,Fri,20,1778813278,1778813338,false
2026-05-16,23981,Sat,32,1778954504,1778954536,false
2026-05-17,24039,Sun,20,1778986014,1778986035,false
2026-05-18,24041,Mon,26,1779063172,1779063198,false
2026-05-19,23923,Tue,15,1779195243,1779195258,false
2026-05-20,24003,Wed,24,1779319144,1779319169,false
2026-05-21,24043,Thu,14,1779330516,1779330530,false
2026-05-22,24060,Fri,17,1779418238,1779418256,false
2026-05-23,23999,Sat,45,1779510647,1779510708,false
2026-05-24,24084,Sun,20,1779678774,1779678795,false
2026-05-25,24086,Mon,20,1779711172,1779711192,false
2026-05-26,24082,Tue,16,1779766879,1779766895,false
2026-05-27,24088,Wed,15,1779849641,1779849657,false
2026-05-28,23976,Thu,22,1779950354,1779950377,false
2026-05-29,23961,Fri,16,1780093483,1780093500,false
2026-05-30,23956,Sat,51,1780141284,1780141336,false
2026-05-31,24099,Sun,20,1780188656,1780188677,false
2026-06-01,24005,Mon,32,1780285590,1780285622,false
2026-06-02,23938,Tue,20,1780402548,1780402568,false
2026-06-03,23974,Wed,27,1780500715,1780500743,false
2026-06-04,24125,Thu,43,1780538959,1780539002,false
2026-06-05,23807,Fri,21,1780704496,1780704518,false
2026-06-06,24090,Sat,41,1780768627,1780768669,false
2026-06-07,24153,Sun,15,1780850680,1780850695,false
2026-06-08,23975,Mon,29,1780885693,1780885722,false
2026-06-09,23937,Tue,21,1781006147,1781006168,false
2026-06-10,23992,Wed,16,1781057880,1781057897,false
2026-06-11,24154,Thu,12,1781146805,1781146817,false
2026-06-12,24089,Fri,18,1781262529,1781262547,false
2026-06-13,24030,Sat,46,1781321727,1781321774,false
2026-06-14,24155,Sun,22,1781466947,1781466970,false
2026-06-15,24157,Mon,39,1781502212,1781502251,false
2026-06-16,24156,Tue,22,1781581569,1781581592,false
2026-06-17,24141,Wed,13,1781665835,1781665848,false
2026-06-18,24179,Thu,14,1781783077,1781783092,false
2026-06-19,23995,Fri,28,1781867093,1781867121,false
2026-06-20,24181,Sat,26,1782004037,1782004063,false
2026-06-21,24182,Sun,15,1782005136,1782005151,false
2026-06-22,24209,Mon,23,1782136092,1782136116,false
2026-06-23,24202,Tue,15,1782221327,1782221342,false
2026-06-24,24248,Wed,17,1782312439,1782312456,false
2026-06-25,24204,Thu,51,1782397053,1782397105,false
2026-06-26,24208,Fri,32,1782486185,1782486217,false
2026-06-27,24187,Sat,36,1782660299,1782660374,false
2026-06-28,24217,Sun,31,1782660388,1782660419,false
2026-06-29,24243,Mon,25,1782699445,1782699470,false
2026-06-30,24207,Tue,22,1782850947,1782850969,false
2026-07-01,24244,Wed,,,,false
2026-07-02,24214,Thu,,,,false
2026-07-03,24245,Fri,,,,false
2026-07-04,24246,Sat,,,,false
2026-07-05,24247,Sun,,,,false
2026-07-06,24203,Mon,,,,false
2026-07-07,24257,Tue,,,,false
2026-07-08,24219,Wed,,,,false
2026-07-09,24267,Thu,,,,false
2026-07-10,24269,Fri,,,,false
2026-07-11,24212,Sat,,,,false
2026-07-12,24228,Sun,,,,false
2026-07-13,24256,Mon,,,,false
2026-07-14,24273,Tue,,,,false
2026-07-15,24255,Wed,,,,false
2026-07-16,23808,Thu,,,,false
2026-07-17,24291,Fri,,,,false
2026-07-18,24290,Sat,,,,false
2026-07-19,24292,Sun,,,,false
2026-07-20,24326,Mon,,,,false
2026-07-21,23962,Tue,,,,false
2026-07-22,24272,Wed,,,,false
2026-07-23,24087,Thu,,,,false
2026-07-24,24328,Fri,,,,false
2026-07-25,23988,Sat,,,,false
2026-07-26,24330,Sun,,,,false
2026-07-27,24333,Mon,,,,false
2026-07-28,24334,Tue,,,,false
2026-07-29,24356,Wed,,,,false
2026-07-30,24340,Thu,,,,false
2026-07-31,24271,Fri,,,,false
2026-08-01,24357,Sat,,,,false
2026-08-02,24338,Sun,,,,false
2026-08-03,24358,Mon,,,,false
2026-08-04,24359,Tue,,,,false
2026-08-05,24335,Wed,,,,false
2026-08-06,24293,Thu,,,,false
2026-08-07,24382,Fri,,,,false
2026-08-08,24383,Sat,,,,false
2026-08-09,24364,Sun,,,,false
2026-08-10,24389,Mon,,,,false
2026-08-11,23963,Tue,,,,false
2026-08-12,24391,Wed,,,,false
2026-08-13,24396,Thu,,,,false
2026-08-14,24327,Fri,,,,false
2026-08-15,24295,Sat,,,,false
2026-08-16,24409,Sun,,,,false
2026-08-17,24363,Mon,,,,false
2026-08-18,24412,Tue,,,,false
2026-08-19,24268,Wed,,,,false
